config,frequency_hz,run,send_ts_us,recv_ts_us,rtt_ms,status
wifi_adhoc,1,8,1775675074437093,1775675074538558,101.465,ok
wifi_adhoc,1,8,1775675075437190,1775675075647289,210.099,ok
wifi_adhoc,1,8,1775675076437200,1775675076484741,47.541,ok
wifi_adhoc,1,8,1775675077437372,1775675077457455,20.083,ok
wifi_adhoc,1,8,1775675078437755,1775675078534324,96.569,ok
wifi_adhoc,1,8,1775675079437194,1775675079639768,202.574,ok
wifi_adhoc,1,8,1775675080437722,1775675080477522,39.8,ok
wifi_adhoc,1,8,1775675081437736,1775675081501973,64.237,ok
wifi_adhoc,1,8,1775675082437731,1775675082525932,88.201,ok
wifi_adhoc,1,8,1775675084437234,1775675084473348,36.114,ok
wifi_adhoc,1,8,1775675085437198,1775675085501425,64.227,ok
wifi_adhoc,1,8,1775675086437172,1775675086519786,82.614,ok
wifi_adhoc,1,8,1775675087437277,1775675087542760,105.483,ok
wifi_adhoc,1,8,1775675088437244,1775675088464842,27.598,ok
wifi_adhoc,1,8,1775675089437251,1775675089488906,51.655,ok
wifi_adhoc,1,8,1775675090437262,1775675090512617,75.355,ok
wifi_adhoc,1,8,1775675091437283,1775675091535858,98.575,ok
wifi_adhoc,1,8,1775675092437380,1775675092643768,206.388,ok
wifi_adhoc,1,8,1775675093437732,1775675093481252,43.52,ok
wifi_adhoc,1,8,1775675094437216,1775675094505226,68.01,ok
wifi_adhoc,1,8,1775675095437622,1775675095530067,92.445,ok
wifi_adhoc,1,8,1775675096437185,1775675096637151,199.966,ok
wifi_adhoc,1,8,1775675097437720,1775675097453785,16.065,ok
wifi_adhoc,1,8,1775675098437739,1775675098499439,61.7,ok
wifi_adhoc,1,8,1775675099437199,1775675099606831,169.632,ok
wifi_adhoc,1,8,1775675100437181,1775675100630340,193.159,ok
wifi_adhoc,1,8,1775675102437179,1775675102493253,56.074,ok
wifi_adhoc,1,8,1775675103437288,1775675103518758,81.47,ok
wifi_adhoc,1,8,1775675104437233,1775675104543733,106.5,ok
wifi_adhoc,1,8,1775675105437761,1775675105647691,209.93,ok
wifi_adhoc,1,8,1775675106437744,1775675106486200,48.456,ok
wifi_adhoc,1,8,1775675107437197,1775675107510360,73.163,ok
wifi_adhoc,1,8,1775675108437731,1775675108534031,96.3,ok
wifi_adhoc,1,8,1775675109437198,1775675109641325,204.127,ok
wifi_adhoc,1,8,1775675110437535,1775675110479859,42.324,ok
wifi_adhoc,1,8,1775675111437197,1775675111503240,66.043,ok
wifi_adhoc,1,8,1775675112437175,1775675112526855,89.68,ok
wifi_adhoc,1,8,1775675113437757,1775675113634685,196.928,ok
wifi_adhoc,1,8,1775675114437293,1775675114473073,35.78,ok
wifi_adhoc,1,8,1775675115437273,1775675115496661,59.388,ok
wifi_adhoc,1,8,1775675116437198,1775675116520640,83.442,ok
wifi_adhoc,1,8,1775675117437287,1775675117455114,17.827,ok
wifi_adhoc,1,8,1775675118437727,1775675118465302,27.575,ok
wifi_adhoc,1,8,1775675119437742,1775675119489588,51.846,ok
wifi_adhoc,1,8,1775675120437284,1775675120514946,77.662,ok
wifi_adhoc,1,8,1775675121437180,1775675121453532,16.352,ok
wifi_adhoc,1,8,1775675122437271,1775675122645649,208.378,ok
wifi_adhoc,1,8,1775675123437672,1775675123482977,45.305,ok
wifi_adhoc,1,8,1775675124437198,1775675124507244,70.046,ok
wifi_adhoc,1,8,1775675125437343,1775675125536831,99.488,ok
wifi_adhoc,1,8,1775675126437197,1775675126638770,201.573,ok
wifi_adhoc,1,8,1775675127437727,1775675127476436,38.709,ok
wifi_adhoc,1,8,1775675128437367,1775675128500389,63.022,ok
wifi_adhoc,1,8,1775675129437413,1775675129528219,90.806,ok
wifi_adhoc,1,8,1775675130437193,1775675130632293,195.1,ok
wifi_adhoc,1,8,1775675131437290,1775675131470054,32.764,ok
wifi_adhoc,1,8,1775675132437201,1775675132493502,56.301,ok
wifi_adhoc,1,8,1775675133437621,1775675133518667,81.046,ok
wifi_adhoc,1,8,1775675134437271,1775675134542135,104.864,ok
wifi_adhoc,1,8,1775675135437278,1775675135649559,212.281,ok
wifi_adhoc,1,8,1775675136437198,1775675136486926,49.728,ok
wifi_adhoc,1,8,1775675138437260,1775675138535176,97.916,ok
wifi_adhoc,1,8,1775675139437194,1775675139643311,206.117,ok
wifi_adhoc,1,8,1775675140437761,1775675140483573,45.812,ok
wifi_adhoc,1,8,1775675142437236,1775675142530342,93.106,ok
wifi_adhoc,1,8,1775675143437309,1775675143636524,199.215,ok
wifi_adhoc,1,8,1775675144437193,1775675144476827,39.634,ok
wifi_adhoc,1,8,1775675145437239,1775675145497624,60.385,ok
wifi_adhoc,1,8,1775675146437253,1775675146648350,211.097,ok
wifi_adhoc,1,8,1775675147437757,1775675147672864,235.107,ok
wifi_adhoc,1,8,1775675148437225,1775675148697364,260.139,ok
wifi_adhoc,1,8,1775675149437209,1775675149722370,285.161,ok
wifi_adhoc,1,8,1775675150437219,1775675150745883,308.664,ok
wifi_adhoc,1,8,1775675151437768,1775675151539647,101.879,ok
wifi_adhoc,1,8,1775675152437211,1775675152647179,209.968,ok
wifi_adhoc,1,8,1775675153437280,1775675153485747,48.467,ok
wifi_adhoc,1,8,1775675154437238,1775675154514873,77.635,ok
wifi_adhoc,1,8,1775675155437739,1775675155534465,96.726,ok
wifi_adhoc,1,8,1775675156437209,1775675156642368,205.159,ok
wifi_adhoc,1,8,1775675157437712,1775675157454229,16.517,ok
wifi_adhoc,1,8,1775675158437725,1775675158504731,67.006,ok
wifi_adhoc,1,8,1775675159437731,1775675159526185,88.454,ok
wifi_adhoc,1,8,1775675160437290,1775675160635225,197.935,ok
wifi_adhoc,1,8,1775675161437186,1775675161473399,36.213,ok
wifi_adhoc,1,8,1775675162437153,1775675162495198,58.045,ok
wifi_adhoc,1,8,1775675163437235,1775675163520849,83.614,ok
wifi_adhoc,1,8,1775675164437283,1775675164627381,190.098,ok
wifi_adhoc,1,8,1775675165437205,1775675165460403,23.198,ok
wifi_adhoc,1,8,1775675166437735,1775675166489474,51.739,ok
wifi_adhoc,1,8,1775675167437272,1775675167512645,75.373,ok
wifi_adhoc,1,8,1775675168437254,1775675168536743,99.489,ok
wifi_adhoc,1,8,1775675170437757,1775675170482329,44.572,ok
wifi_adhoc,1,8,1775675171437204,1775675171507012,69.808,ok
wifi_adhoc,1,8,1775675172437193,1775675172531189,93.996,ok
wifi_adhoc,1,8,1775675173437248,1775675173640293,203.045,ok
wifi_adhoc,1,8,1775675174437242,1775675174477166,39.924,ok
wifi_adhoc,1,8,1775675175437280,1775675175500750,63.47,ok
wifi_adhoc,1,8,1775675176437671,1775675176524743,87.072,ok
wifi_adhoc,1,8,1775675177437259,1775675177454645,17.386,ok
wifi_adhoc,1,8,1775675178437198,1775675178471771,34.573,ok
wifi_adhoc,1,8,1775675179437756,1775675179493395,55.639,ok
wifi_adhoc,1,8,1775675180437198,1775675180517798,80.6,ok
wifi_adhoc,1,8,1775675181437268,1775675181543943,106.675,ok
wifi_adhoc,1,8,1775675182437234,1775675182649551,212.317,ok
wifi_adhoc,1,8,1775675183437285,1775675183487448,50.163,ok
wifi_adhoc,1,8,1775675184437308,1775675184511135,73.827,ok
wifi_adhoc,1,8,1775675185437312,1775675185534596,97.284,ok
wifi_adhoc,1,8,1775675186437181,1775675186642579,205.398,ok
wifi_adhoc,1,8,1775675187437360,1775675187482184,44.824,ok
wifi_adhoc,1,8,1775675188437182,1775675188504495,67.313,ok
wifi_adhoc,1,8,1775675189437734,1775675189529120,91.386,ok
wifi_adhoc,1,8,1775675190437262,1775675190635900,198.638,ok
wifi_adhoc,1,8,1775675191437199,1775675191476221,39.022,ok
wifi_adhoc,1,8,1775675192437211,1775675192498406,61.195,ok
wifi_adhoc,1,8,1775675193437254,1775675193522446,85.192,ok
wifi_adhoc,1,8,1775675194437256,1775675194630541,193.285,ok
wifi_adhoc,1,8,1775675195437200,1775675195467326,30.126,ok
wifi_adhoc,1,8,1775675196437727,1775675196456494,18.767,ok
wifi_adhoc,1,8,1775675197437218,1775675197454419,17.201,ok
wifi_adhoc,1,8,1775675198437288,1775675198539889,102.601,ok
wifi_adhoc,1,8,1775675199437289,1775675199565098,127.809,ok
wifi_adhoc,1,8,1775675200437198,1775675200484835,47.637,ok
wifi_adhoc,1,8,1775675201437197,1775675201508924,71.727,ok
wifi_adhoc,1,8,1775675202437223,1775675202532529,95.306,ok
wifi_adhoc,1,8,1775675203437286,1775675203640312,203.026,ok
wifi_adhoc,1,8,1775675204437211,1775675204478496,41.285,ok
wifi_adhoc,1,8,1775675205437199,1775675205502471,65.272,ok
wifi_adhoc,1,8,1775675206437275,1775675206526263,88.988,ok
wifi_adhoc,1,8,1775675207437204,1775675207635112,197.908,ok
wifi_adhoc,1,8,1775675208437284,1775675208471808,34.524,ok
wifi_adhoc,1,8,1775675209437279,1775675209496807,59.528,ok
wifi_adhoc,1,8,1775675210437737,1775675210520759,83.022,ok
wifi_adhoc,1,8,1775675211437234,1775675211628383,191.149,ok
wifi_adhoc,1,8,1775675212437257,1775675212652087,214.83,ok
wifi_adhoc,1,8,1775675213437199,1775675213488756,51.557,ok
wifi_adhoc,1,8,1775675214437283,1775675214521738,84.455,ok
wifi_adhoc,1,8,1775675215437278,1775675215539108,101.83,ok
wifi_adhoc,1,8,1775675216437200,1775675216645592,208.392,ok
wifi_adhoc,1,8,1775675217437258,1775675217454203,16.945,ok
wifi_adhoc,1,8,1775675218437730,1775675218505967,68.237,ok
wifi_adhoc,1,8,1775675219437732,1775675219530167,92.435,ok
wifi_adhoc,1,8,1775675220437237,1775675220638784,201.547,ok
wifi_adhoc,1,8,1775675221437268,1775675221475802,38.534,ok
wifi_adhoc,1,8,1775675222437199,1775675222498800,61.601,ok
wifi_adhoc,1,8,1775675223437292,1775675223526122,88.83,ok
wifi_adhoc,1,8,1775675224437187,1775675224614375,177.188,ok
wifi_adhoc,1,8,1775675225437733,1775675225475073,37.34,ok
wifi_adhoc,1,8,1775675226437209,1775675226493896,56.687,ok
wifi_adhoc,1,8,1775675227437287,1775675227516910,79.623,ok
wifi_adhoc,1,8,1775675228437233,1775675228541629,104.396,ok
wifi_adhoc,1,8,1775675229437283,1775675229649653,212.37,ok
wifi_adhoc,1,8,1775675230437200,1775675230487828,50.628,ok
wifi_adhoc,1,8,1775675231437396,1775675231511515,74.119,ok
wifi_adhoc,1,8,1775675232437714,1775675232534226,96.512,ok
wifi_adhoc,1,8,1775675233437228,1775675233746036,308.808,ok
wifi_adhoc,1,8,1775675234437178,1775675234479459,42.281,ok
wifi_adhoc,1,8,1775675235437206,1775675235503601,66.395,ok
wifi_adhoc,1,8,1775675236437717,1775675236528740,91.023,ok
wifi_adhoc,1,8,1775675237437663,1775675237454135,16.472,ok
wifi_adhoc,1,8,1775675238437662,1775675238473325,35.663,ok
wifi_adhoc,1,8,1775675239437249,1775675239497072,59.823,ok
wifi_adhoc,1,8,1775675240437544,1775675240521642,84.098,ok
wifi_adhoc,1,8,1775675241437269,1775675241630221,192.952,ok
wifi_adhoc,1,8,1775675242437778,1775675242468734,30.956,ok
wifi_adhoc,1,8,1775675243437203,1775675243490867,53.664,ok
wifi_adhoc,1,8,1775675244437275,1775675244514948,77.673,ok
wifi_adhoc,1,8,1775675245437254,1775675245538943,101.689,ok
wifi_adhoc,1,8,1775675246437198,1775675246647492,210.294,ok
wifi_adhoc,1,8,1775675247437243,1775675247483867,46.624,ok
wifi_adhoc,1,8,1775675248437240,1775675248508513,71.273,ok
wifi_adhoc,1,8,1775675249437534,1775675249533155,95.621,ok
wifi_adhoc,1,8,1775675250437336,1775675250642235,204.899,ok
wifi_adhoc,1,8,1775675251437244,1775675251484089,46.845,ok
wifi_adhoc,1,8,1775675252437260,1775675252501647,64.387,ok
wifi_adhoc,1,8,1775675253437188,1775675253528943,91.755,ok
wifi_adhoc,1,8,1775675254437377,1775675254634952,197.575,ok
wifi_adhoc,1,8,1775675255437724,1775675255477914,40.19,ok
wifi_adhoc,1,8,1775675256437718,1775675256494903,57.185,ok
wifi_adhoc,1,8,1775675257437671,1775675257473322,35.651,ok
wifi_adhoc,1,8,1775675258437197,1775675258543657,106.46,ok
wifi_adhoc,1,8,1775675259437262,1775675259652126,214.864,ok
wifi_adhoc,1,8,1775675260437748,1775675260488545,50.797,ok
wifi_adhoc,1,8,1775675261437731,1775675261514893,77.162,ok
wifi_adhoc,1,8,1775675262437198,1775675262539828,102.63,ok
wifi_adhoc,1,8,1775675263437187,1775675263644566,207.379,ok
wifi_adhoc,1,8,1775675264437745,1775675264485511,47.766,ok
wifi_adhoc,1,8,1775675265437717,1775675265506105,68.388,ok
wifi_adhoc,1,8,1775675266437199,1775675266530042,92.843,ok
wifi_adhoc,1,8,1775675267437184,1775675267638194,201.01,ok
wifi_adhoc,1,8,1775675268437233,1775675268475167,37.934,ok
wifi_adhoc,1,8,1775675269437205,1775675269498725,61.52,ok
wifi_adhoc,1,8,1775675270437242,1775675270522767,85.525,ok
wifi_adhoc,1,8,1775675271437188,1775675271631949,194.761,ok
wifi_adhoc,1,8,1775675272437735,1775675272655809,218.074,ok
wifi_adhoc,1,8,1775675273437272,1775675273492376,55.104,ok
wifi_adhoc,1,8,1775675274437740,1775675274516737,78.997,ok
wifi_adhoc,1,8,1775675275437248,1775675275540400,103.152,ok
wifi_adhoc,1,8,1775675276437252,1775675276649183,211.931,ok
wifi_adhoc,1,8,1775675277437195,1775675277458966,21.771,ok
wifi_adhoc,1,8,1775675278437293,1775675278510234,72.941,ok
wifi_adhoc,1,8,1775675279437193,1775675279534266,97.073,ok
wifi_adhoc,1,8,1775675280437196,1775675280642609,205.413,ok
wifi_adhoc,1,8,1775675281437194,1775675281479819,42.625,ok
wifi_adhoc,1,8,1775675282437728,1775675282503848,66.12,ok
wifi_adhoc,1,8,1775675283437728,1775675283527582,89.854,ok
wifi_adhoc,1,8,1775675284437198,1775675284636047,198.849,ok
wifi_adhoc,1,8,1775675285437200,1775675285473166,35.966,ok
wifi_adhoc,1,8,1775675286437363,1775675286497350,59.987,ok
wifi_adhoc,1,8,1775675287437291,1775675287544622,107.331,ok
wifi_adhoc,1,8,1775675288437290,1775675288630045,192.755,ok
wifi_adhoc,1,8,1775675289437233,1775675289466590,29.357,ok
wifi_adhoc,1,8,1775675290437286,1775675290503248,65.962,ok
wifi_adhoc,1,8,1775675291437731,1775675291514463,76.732,ok
wifi_adhoc,1,8,1775675292437732,1775675292537834,100.102,ok
wifi_adhoc,1,8,1775675293437184,1775675293646950,209.766,ok
wifi_adhoc,1,8,1775675294437198,1775675294483912,46.714,ok
wifi_adhoc,1,8,1775675295437258,1775675295508215,70.957,ok
wifi_adhoc,1,8,1775675296437672,1775675296531726,94.054,ok
wifi_adhoc,1,8,1775675297437274,1775675297452959,15.685,ok
wifi_adhoc,1,8,1775675298437256,1775675298478270,41.014,ok
wifi_adhoc,1,8,1775675299437730,1775675299502819,65.089,ok
wifi_adhoc,1,8,1775675300437736,1775675300525110,87.374,ok
wifi_adhoc,1,8,1775675301437199,1775675301634091,196.892,ok
wifi_adhoc,1,8,1775675302437212,1775675302471495,34.283,ok
wifi_adhoc,1,8,1775675303437588,1775675303495352,57.764,ok
wifi_adhoc,1,8,1775675304437731,1775675304518553,80.822,ok
wifi_adhoc,1,8,1775675305437232,1775675305542927,105.695,ok
wifi_adhoc,1,8,1775675306437204,1775675306753312,316.108,ok
wifi_adhoc,1,8,1775675307437712,1775675307487990,50.278,ok
wifi_adhoc,1,8,1775675308437734,1775675308511958,74.224,ok
wifi_adhoc,1,8,1775675309437709,1775675309620774,183.065,ok
wifi_adhoc,1,8,1775675310437734,1775675310645186,207.452,ok
wifi_adhoc,1,8,1775675311437722,1775675311484936,47.214,ok
wifi_adhoc,1,8,1775675312437437,1775675312505715,68.278,ok
wifi_adhoc,1,8,1775675313437654,1775675313529561,91.907,ok
wifi_adhoc,1,8,1775675314437299,1775675314554605,117.306,ok
wifi_adhoc,1,8,1775675315437256,1775675315480392,43.136,ok
wifi_adhoc,1,8,1775675316437268,1775675316501098,63.83,ok
wifi_adhoc,1,8,1775675317437736,1775675317457024,19.288,ok
wifi_adhoc,1,8,1775675318437228,1775675318631706,194.478,ok
wifi_adhoc,1,8,1775675319437734,1775675319472715,34.981,ok
wifi_adhoc,1,8,1775675320437730,1775675320492670,54.94,ok
wifi_adhoc,1,8,1775675321437300,1775675321520046,82.746,ok
wifi_adhoc,1,8,1775675322437733,1775675322541524,103.791,ok
wifi_adhoc,1,8,1775675323437191,1775675323648894,211.703,ok
wifi_adhoc,1,8,1775675324437247,1775675324486049,48.802,ok
wifi_adhoc,1,8,1775675325437379,1775675325510060,72.681,ok
wifi_adhoc,1,8,1775675326437393,1775675326542184,104.791,ok
wifi_adhoc,1,8,1775675327437206,1775675327642856,205.65,ok
wifi_adhoc,1,8,1775675328437181,1775675328479612,42.431,ok
wifi_adhoc,1,8,1775675329437281,1775675329504429,67.148,ok
wifi_adhoc,1,8,1775675330437735,1775675330542151,104.416,ok
wifi_adhoc,1,8,1775675331437722,1775675331636987,199.265,ok
wifi_adhoc,1,8,1775675332437715,1775675332475776,38.061,ok
wifi_adhoc,1,8,1775675333437234,1775675333497655,60.421,ok
wifi_adhoc,1,8,1775675334437288,1775675334522011,84.723,ok
wifi_adhoc,1,8,1775675335437667,1775675335629969,192.302,ok
wifi_adhoc,1,8,1775675336437272,1775675336470746,33.474,ok
wifi_adhoc,1,8,1775675337437219,1775675337453121,15.902,ok
wifi_adhoc,1,8,1775675338437188,1775675338522010,84.822,ok
wifi_adhoc,1,8,1775675339437270,1775675339540326,103.056,ok
wifi_adhoc,1,8,1775675340437212,1775675340648218,211.006,ok
wifi_adhoc,1,8,1775675341437170,1775675341488433,51.263,ok
wifi_adhoc,1,8,1775675342437636,1775675342512469,74.833,ok
wifi_adhoc,1,8,1775675343437751,1775675343534345,96.594,ok
wifi_adhoc,1,8,1775675344437197,1775675344641104,203.907,ok
wifi_adhoc,1,8,1775675345437237,1775675345482986,45.749,ok
wifi_adhoc,1,8,1775675346437286,1775675346504455,67.169,ok
wifi_adhoc,1,8,1775675347437292,1775675347527499,90.207,ok
wifi_adhoc,1,8,1775675348437287,1775675348633960,196.673,ok
wifi_adhoc,1,8,1775675349437267,1775675349474477,37.21,ok
wifi_adhoc,1,8,1775675350437290,1775675350497415,60.125,ok
wifi_adhoc,1,8,1775675351437728,1775675351522936,85.208,ok
wifi_adhoc,1,8,1775675352437210,1775675352545067,107.857,ok
wifi_adhoc,1,8,1775675353437669,1775675353651262,213.593,ok
wifi_adhoc,1,8,1775675354437721,1775675354491834,54.113,ok
wifi_adhoc,1,8,1775675355437740,1775675355522031,84.291,ok
wifi_adhoc,1,8,1775675356437391,1775675356538996,101.605,ok
wifi_adhoc,1,8,1775675357437224,1775675357457987,20.763,ok
wifi_adhoc,1,8,1775675358437198,1775675358481621,44.423,ok
wifi_adhoc,1,8,1775675359437446,1775675359513336,75.89,ok
wifi_adhoc,1,8,1775675360437188,1775675360534058,96.87,ok
wifi_adhoc,1,8,1775675361437304,1775675361639055,201.751,ok
wifi_adhoc,1,8,1775675362437720,1775675362585326,147.606,ok
wifi_adhoc,1,8,1775675363437247,1775675363503466,66.219,ok
wifi_adhoc,1,8,1775675364437735,1775675364527330,89.595,ok
wifi_adhoc,1,8,1775675365437335,1775675365631473,194.138,ok
wifi_adhoc,1,8,1775675366437294,1775675366468883,31.589,ok
wifi_adhoc,1,8,1775675367437296,1775675367492574,55.278,ok
wifi_adhoc,1,8,1775675368437198,1775675368519141,81.943,ok
wifi_adhoc,1,8,1775675369437772,1775675369624943,187.171,ok
wifi_adhoc,1,8,1775675370437297,1775675370649140,211.843,ok
wifi_adhoc,1,8,1775675371437237,1775675371485844,48.607,ok
wifi_adhoc,1,8,1775675372437558,1775675372522386,84.828,ok
wifi_adhoc,1,8,1775675373437718,1775675373537473,99.755,ok
wifi_adhoc,1,8,1775675374437280,1775675374643074,205.794,ok
wifi_adhoc,1,8,1775675375437235,1775675375479324,42.089,ok
wifi_adhoc,1,8,1775675376437280,1775675376508802,71.522,ok
wifi_adhoc,1,8,1775675377437207,1775675377452950,15.743,ok
wifi_adhoc,1,8,1775675378437434,1775675378636037,198.603,ok
wifi_adhoc,1,8,1775675379437219,1775675379474361,37.142,ok
wifi_adhoc,1,8,1775675380437216,1775675380501853,64.637,ok
wifi_adhoc,1,8,1775675381437753,1775675381524843,87.09,ok
wifi_adhoc,1,8,1775675382437307,1775675382629372,192.065,ok
wifi_adhoc,1,8,1775675383437240,1775675383467759,30.519,ok
wifi_adhoc,1,8,1775675384437209,1775675384496432,59.223,ok
wifi_adhoc,1,8,1775675385437762,1775675385517898,80.136,ok
wifi_adhoc,1,8,1775675386437757,1775675386541301,103.544,ok
wifi_adhoc,1,8,1775675387437256,1775675387646696,209.44,ok
wifi_adhoc,1,8,1775675388437751,1775675388484093,46.342,ok
wifi_adhoc,1,8,1775675389437756,1775675389510936,73.18,ok
wifi_adhoc,1,8,1775675390437321,1775675390535902,98.581,ok
wifi_adhoc,1,8,1775675391437361,1775675391640597,203.236,ok
wifi_adhoc,1,8,1775675392437714,1775675392479009,41.295,ok
wifi_adhoc,1,8,1775675393437193,1775675393502847,65.654,ok
wifi_adhoc,1,8,1775675394437743,1775675394526327,88.584,ok
wifi_adhoc,1,8,1775675395437750,1775675395633826,196.076,ok
wifi_adhoc,1,8,1775675396437196,1775675396471469,34.273,ok
wifi_adhoc,1,8,1775675397437198,1775675397456415,19.217,ok
wifi_adhoc,1,8,1775675398437723,1775675398519984,82.261,ok
wifi_adhoc,1,8,1775675399437189,1775675399544064,106.875,ok
wifi_adhoc,1,8,1775675400437289,1775675400652118,214.829,ok
wifi_adhoc,1,8,1775675401437271,1775675401488240,50.969,ok
wifi_adhoc,1,8,1775675402437235,1775675402513617,76.382,ok
wifi_adhoc,1,8,1775675403437279,1775675403536122,98.843,ok
wifi_adhoc,1,8,1775675404437189,1775675404644953,207.764,ok
wifi_adhoc,1,8,1775675405437734,1775675405481970,44.236,ok
wifi_adhoc,1,8,1775675406437201,1775675406505759,68.558,ok
wifi_adhoc,1,8,1775675407437723,1775675407529782,92.059,ok
wifi_adhoc,1,8,1775675408437249,1775675408637825,200.576,ok
wifi_adhoc,1,8,1775675409437271,1775675409475539,38.268,ok
wifi_adhoc,1,8,1775675410437208,1775675410504925,67.717,ok
wifi_adhoc,1,8,1775675411437211,1775675411523119,85.908,ok
wifi_adhoc,1,8,1775675412437202,1775675412631316,194.114,ok
wifi_adhoc,1,8,1775675413437400,1775675413469025,31.625,ok
wifi_adhoc,1,8,1775675414437423,1775675414492664,55.241,ok
wifi_adhoc,1,8,1775675415437173,1775675415516645,79.472,ok
wifi_adhoc,1,8,1775675416437733,1775675416541616,103.883,ok
wifi_adhoc,1,8,1775675417437744,1775675417453493,15.749,ok
wifi_adhoc,1,8,1775675418437258,1775675418488081,50.823,ok
wifi_adhoc,1,8,1775675419437740,1775675419510192,72.452,ok
wifi_adhoc,1,8,1775675420437189,1775675420535480,98.291,ok
wifi_adhoc,1,8,1775675421437280,1775675421642548,205.268,ok
wifi_adhoc,1,8,1775675422437250,1775675422483831,46.581,ok
wifi_adhoc,1,8,1775675423437259,1775675423506019,68.76,ok
wifi_adhoc,1,8,1775675424437168,1775675424528744,91.576,ok
wifi_adhoc,1,8,1775675425437377,1775675425636443,199.066,ok
wifi_adhoc,1,8,1775675426437236,1775675426474788,37.552,ok
wifi_adhoc,1,8,1775675427437276,1775675427497879,60.603,ok
wifi_adhoc,1,8,1775675428437243,1775675428707947,270.704,ok
wifi_adhoc,1,8,1775675429437741,1775675429630566,192.825,ok
wifi_adhoc,1,8,1775675430437197,1775675430474158,36.961,ok
wifi_adhoc,1,8,1775675431437189,1775675431490421,53.232,ok
wifi_adhoc,1,8,1775675432437198,1775675432515166,77.968,ok
wifi_adhoc,1,8,1775675433437732,1775675433539483,101.751,ok
wifi_adhoc,1,8,1775675434437734,1775675434646752,209.018,ok
wifi_adhoc,1,8,1775675436437271,1775675436694959,257.688,ok
wifi_adhoc,1,8,1775675437437200,1775675437456167,18.967,ok
wifi_adhoc,1,8,1775675438437186,1775675438640846,203.66,ok
wifi_adhoc,1,8,1775675439437727,1775675439478080,40.353,ok
wifi_adhoc,1,8,1775675440437277,1775675440502817,65.54,ok
wifi_adhoc,1,8,1775675441437295,1775675441528727,91.432,ok
wifi_adhoc,1,8,1775675442437229,1775675442634406,197.177,ok
wifi_adhoc,1,8,1775675443437755,1775675443470899,33.144,ok
wifi_adhoc,1,8,1775675444437208,1775675444495410,58.202,ok
wifi_adhoc,1,8,1775675445437230,1775675445519016,81.786,ok
wifi_adhoc,1,8,1775675446437198,1775675446545797,108.599,ok
wifi_adhoc,1,8,1775675447437614,1775675447464884,27.27,ok
wifi_adhoc,1,8,1775675448437198,1775675448492059,54.861,ok
wifi_adhoc,1,8,1775675449437607,1775675449512844,75.237,ok
wifi_adhoc,1,8,1775675450437200,1775675450536408,99.208,ok
wifi_adhoc,1,8,1775675451437193,1775675451560486,123.293,ok
wifi_adhoc,1,8,1775675452437264,1775675452613144,175.88,ok
wifi_adhoc,1,8,1775675453437351,1775675453633429,196.078,ok
wifi_adhoc,1,8,1775675454437188,1775675454658087,220.899,ok
wifi_adhoc,1,8,1775675455437211,1775675455682373,245.162,ok
wifi_adhoc,1,8,1775675456437322,1775675456706728,269.406,ok
wifi_adhoc,1,8,1775675457437245,1775675457543864,106.619,ok
wifi_adhoc,1,8,1775675458437202,1775675458524006,86.804,ok
wifi_adhoc,1,8,1775675459437233,1775675459631969,194.736,ok
wifi_adhoc,1,8,1775675460437763,1775675460469166,31.403,ok
wifi_adhoc,1,8,1775675461437749,1775675461493369,55.62,ok
wifi_adhoc,1,8,1775675462437211,1775675462517780,80.569,ok
wifi_adhoc,1,8,1775675463437285,1775675463541010,103.725,ok
wifi_adhoc,1,8,1775675464437211,1775675464650375,213.164,ok
wifi_adhoc,1,8,1775675465437757,1775675465491797,54.04,ok
wifi_adhoc,1,8,1775675466437237,1775675466512115,74.878,ok
wifi_adhoc,1,8,1775675467437734,1775675467534741,97.007,ok
wifi_adhoc,1,8,1775675468437371,1775675468642944,205.573,ok
wifi_adhoc,1,8,1775675469437737,1775675469481306,43.569,ok
wifi_adhoc,1,8,1775675470437199,1775675470504028,66.829,ok
wifi_adhoc,1,8,1775675471437198,1775675471528771,91.573,ok
wifi_adhoc,1,8,1775675472437218,1775675472636083,198.865,ok
wifi_adhoc,1,8,1775675473437192,1775675473474870,37.678,ok
wifi_adhoc,1,8,1775675474437185,1775675474497906,60.721,ok
wifi_adhoc,1,8,1775675475437183,1775675475521942,84.759,ok
wifi_adhoc,1,8,1775675476437748,1775675476630338,192.59,ok
wifi_adhoc,1,8,1775675477437736,1775675477456955,19.219,ok
wifi_adhoc,1,8,1775675478437523,1775675478490917,53.394,ok
wifi_adhoc,1,8,1775675479437251,1775675479515165,77.914,ok
wifi_adhoc,1,8,1775675480437302,1775675480539518,102.216,ok
wifi_adhoc,1,8,1775675481437242,1775675481648641,211.399,ok
wifi_adhoc,1,8,1775675482437732,1775675482486101,48.369,ok
wifi_adhoc,1,8,1775675483437264,1775675483509375,72.111,ok
wifi_adhoc,1,8,1775675484437231,1775675484534095,96.864,ok
wifi_adhoc,1,8,1775675485437764,1775675485642066,204.302,ok
wifi_adhoc,1,8,1775675486437286,1775675486481321,44.035,ok
wifi_adhoc,1,8,1775675487437196,1775675487503345,66.149,ok
wifi_adhoc,1,8,1775675488437760,1775675488526019,88.259,ok
wifi_adhoc,1,8,1775675489437172,1775675489633891,196.719,ok
wifi_adhoc,1,8,1775675490437729,1775675490475203,37.474,ok
wifi_adhoc,1,8,1775675491437733,1775675491495820,58.087,ok
wifi_adhoc,1,8,1775675492437234,1775675492519995,82.761,ok
wifi_adhoc,1,8,1775675493437283,1775675493627630,190.347,ok
wifi_adhoc,1,8,1775675494437198,1775675494467032,29.834,ok
wifi_adhoc,1,8,1775675495437237,1775675495492005,54.768,ok
wifi_adhoc,1,8,1775675496437250,1775675496513820,76.57,ok
wifi_adhoc,1,8,1775675497437195,1775675497457399,20.204,ok
wifi_adhoc,1,8,1775675498437197,1775675498645307,208.11,ok
wifi_adhoc,1,8,1775675499437285,1775675499487206,49.921,ok
wifi_adhoc,1,8,1775675500437267,1775675500507758,70.491,ok
wifi_adhoc,1,8,1775675501437265,1775675501532366,95.101,ok
wifi_adhoc,1,8,1775675502437198,1775675502631577,194.379,ok
wifi_adhoc,1,8,1775675503437192,1775675503476245,39.053,ok
wifi_adhoc,1,8,1775675504437186,1775675504501252,64.066,ok
wifi_adhoc,1,8,1775675505437263,1775675505525156,87.893,ok
wifi_adhoc,1,8,1775675506437379,1775675506632070,194.691,ok
wifi_adhoc,1,8,1775675507437736,1775675507470206,32.47,ok
wifi_adhoc,1,8,1775675508437196,1775675508494394,57.198,ok
wifi_adhoc,1,8,1775675509437198,1775675509518961,81.763,ok
wifi_adhoc,1,8,1775675510437298,1775675510541506,104.208,ok
wifi_adhoc,1,8,1775675511437214,1775675511650180,212.966,ok
wifi_adhoc,1,8,1775675512437635,1775675512487874,50.239,ok
wifi_adhoc,1,8,1775675513437717,1775675513511789,74.072,ok
wifi_adhoc,1,8,1775675514437190,1775675514535118,97.928,ok
wifi_adhoc,1,8,1775675515437200,1775675515643550,206.35,ok
wifi_adhoc,1,8,1775675516437279,1775675516481024,43.745,ok
wifi_adhoc,1,8,1775675517437199,1775675517454260,17.061,ok
wifi_adhoc,1,8,1775675518437231,1775675518528156,90.925,ok
wifi_adhoc,1,8,1775675519437200,1775675519636956,199.756,ok
wifi_adhoc,1,8,1775675520437736,1775675520473984,36.248,ok
wifi_adhoc,1,8,1775675521437193,1775675521497804,60.611,ok
wifi_adhoc,1,8,1775675522437249,1775675522521786,84.537,ok
wifi_adhoc,1,8,1775675523437256,1775675523622553,185.297,ok
wifi_adhoc,1,8,1775675524437194,1775675524470161,32.967,ok
wifi_adhoc,1,8,1775675525437279,1775675525491782,54.503,ok
wifi_adhoc,1,8,1775675526437281,1775675526516557,79.276,ok
wifi_adhoc,1,8,1775675527437739,1775675527539579,101.84,ok
wifi_adhoc,1,8,1775675528437267,1775675528648108,210.841,ok
wifi_adhoc,1,8,1775675529437720,1775675529486772,49.052,ok
wifi_adhoc,1,8,1775675530437236,1775675530509461,72.225,ok
wifi_adhoc,1,8,1775675531437204,1775675531533726,96.522,ok
wifi_adhoc,1,8,1775675532437539,1775675532641321,203.782,ok
wifi_adhoc,1,8,1775675533437286,1775675533478805,41.519,ok
wifi_adhoc,1,8,1775675534437270,1775675534504139,66.869,ok
wifi_adhoc,1,8,1775675535437727,1775675535539093,101.366,ok
wifi_adhoc,1,8,1775675536437265,1775675536634535,197.27,ok
wifi_adhoc,1,8,1775675537437158,1775675537461252,24.094,ok
wifi_adhoc,1,8,1775675538437236,1775675538496728,59.492,ok
wifi_adhoc,1,8,1775675539437565,1775675539521851,84.286,ok
wifi_adhoc,1,8,1775675540437186,1775675540628952,191.766,ok
wifi_adhoc,1,8,1775675541437291,1775675541465520,28.229,ok
wifi_adhoc,1,8,1775675542437229,1775675542492521,55.292,ok
wifi_adhoc,1,8,1775675543437713,1775675543513705,75.992,ok
wifi_adhoc,1,8,1775675544437175,1775675544537538,100.363,ok
wifi_adhoc,1,8,1775675545437192,1775675545646115,208.923,ok
wifi_adhoc,1,8,1775675546437189,1775675546484792,47.603,ok
wifi_adhoc,1,8,1775675547437208,1775675547507132,69.924,ok
wifi_adhoc,1,8,1775675548437286,1775675548531748,94.462,ok
wifi_adhoc,1,8,1775675549437229,1775675549640558,203.329,ok
wifi_adhoc,1,8,1775675550437718,1775675550477733,40.015,ok
wifi_adhoc,1,8,1775675551437222,1775675551503210,65.988,ok
wifi_adhoc,1,8,1775675552437716,1775675552525462,87.746,ok
wifi_adhoc,1,8,1775675553437275,1775675553632332,195.057,ok
wifi_adhoc,1,8,1775675554437197,1775675554471038,33.841,ok
wifi_adhoc,1,8,1775675555437717,1775675555495151,57.434,ok
wifi_adhoc,1,8,1775675556437185,1775675556522029,84.844,ok
wifi_adhoc,1,8,1775675557437268,1775675557458432,21.164,ok
wifi_adhoc,1,8,1775675558437192,1775675558650143,212.951,ok
wifi_adhoc,1,8,1775675559437198,1775675559489430,52.232,ok
wifi_adhoc,1,8,1775675560437191,1775675560524372,87.181,ok
wifi_adhoc,1,8,1775675561437259,1775675561536298,99.039,ok
wifi_adhoc,1,8,1775675562437718,1775675562643921,206.203,ok
wifi_adhoc,1,8,1775675563437738,1775675563482239,44.501,ok
wifi_adhoc,1,8,1775675564437255,1775675564504844,67.589,ok
wifi_adhoc,1,8,1775675565437372,1775675565533570,96.198,ok
wifi_adhoc,1,8,1775675566437228,1775675566637646,200.418,ok
wifi_adhoc,1,8,1775675567437716,1775675567478041,40.325,ok
wifi_adhoc,1,8,1775675568437199,1775675568499984,62.785,ok
wifi_adhoc,1,8,1775675569437633,1775675569525466,87.833,ok
wifi_adhoc,1,8,1775675570437237,1775675570631032,193.795,ok
wifi_adhoc,1,8,1775675571437185,1775675571468400,31.215,ok
wifi_adhoc,1,8,1775675572437190,1775675572492195,55.005,ok
wifi_adhoc,1,8,1775675573437442,1775675573516150,78.708,ok
wifi_adhoc,1,8,1775675574437378,1775675574542349,104.971,ok
wifi_adhoc,1,8,1775675575437271,1775675575648759,211.488,ok
wifi_adhoc,1,8,1775675576437198,1775675576487997,50.799,ok
wifi_adhoc,1,8,1775675577437255,1775675577456243,18.988,ok
wifi_adhoc,1,8,1775675578437252,1775675578535358,98.106,ok
wifi_adhoc,1,8,1775675579437244,1775675579642241,204.997,ok
wifi_adhoc,1,8,1775675580437754,1775675580479993,42.239,ok
wifi_adhoc,1,8,1775675581437291,1775675581502588,65.297,ok
wifi_adhoc,1,8,1775675582437291,1775675582533979,96.688,ok
wifi_adhoc,1,8,1775675583437198,1775675583634774,197.576,ok
wifi_adhoc,1,8,1775675584437292,1775675584472767,35.475,ok
wifi_adhoc,1,8,1775675585437581,1775675585499181,61.6,ok
wifi_adhoc,1,8,1775675586437729,1775675586523245,85.516,ok
wifi_adhoc,1,8,1775675587437734,1775675587628501,190.767,ok
wifi_adhoc,1,8,1775675588437198,1775675588465786,28.588,ok
wifi_adhoc,1,8,1775675589437742,1775675589492577,54.835,ok
wifi_adhoc,1,8,1775675590437291,1775675590514985,77.694,ok
wifi_adhoc,1,8,1775675591437732,1775675591539067,101.335,ok
wifi_adhoc,1,8,1775675592437237,1775675592646448,209.211,ok
wifi_adhoc,1,8,1775675593437199,1775675593483849,46.65,ok
wifi_adhoc,1,8,1775675594437297,1775675594508939,71.642,ok
wifi_adhoc,1,8,1775675595437731,1775675595535013,97.282,ok
wifi_adhoc,1,8,1775675596437189,1775675596639933,202.744,ok
wifi_adhoc,1,8,1775675597437198,1775675597452723,15.525,ok
wifi_adhoc,1,8,1775675598437194,1775675598501583,64.389,ok
wifi_adhoc,1,8,1775675599437199,1775675599526793,89.594,ok
wifi_adhoc,1,8,1775675600437175,1775675600634852,197.677,ok
wifi_adhoc,1,8,1775675601437194,1775675601471858,34.664,ok
wifi_adhoc,1,8,1775675602437299,1775675602494559,57.26,ok
wifi_adhoc,1,8,1775675603437734,1775675603519205,81.471,ok
wifi_adhoc,1,8,1775675604437728,1775675604545769,108.041,ok
wifi_adhoc,1,8,1775675605437194,1775675605651337,214.143,ok
wifi_adhoc,1,8,1775675606437669,1775675606488099,50.43,ok
wifi_adhoc,1,8,1775675607437217,1775675607511839,74.622,ok
wifi_adhoc,1,8,1775675608437733,1775675608536931,99.198,ok
wifi_adhoc,1,8,1775675609437200,1775675609643928,206.728,ok
wifi_adhoc,1,8,1775675610437359,1775675610482628,45.269,ok
wifi_adhoc,1,8,1775675611437189,1775675611505830,68.641,ok
wifi_adhoc,1,8,1775675612437195,1775675612530804,93.609,ok
wifi_adhoc,1,8,1775675613437379,1775675613637361,199.982,ok
wifi_adhoc,1,8,1775675614437265,1775675614475024,37.759,ok
wifi_adhoc,1,8,1775675615437297,1775675615498824,61.527,ok
wifi_adhoc,1,8,1775675616437279,1775675616522878,85.599,ok
wifi_adhoc,1,8,1775675617437251,1775675617451999,14.748,ok
wifi_adhoc,1,8,1775675618437759,1775675618468386,30.627,ok
wifi_adhoc,1,8,1775675619437210,1775675619495442,58.232,ok
wifi_adhoc,1,8,1775675620437730,1775675620516995,79.265,ok
wifi_adhoc,1,8,1775675621437721,1775675621541180,103.459,ok
wifi_adhoc,1,8,1775675622437560,1775675622649029,211.469,ok
wifi_adhoc,1,8,1775675623437735,1775675623485961,48.226,ok
wifi_adhoc,1,8,1775675624437268,1775675624509950,72.682,ok
wifi_adhoc,1,8,1775675625437728,1775675625533533,95.805,ok
wifi_adhoc,1,8,1775675626437404,1775675626642615,205.211,ok
wifi_adhoc,1,8,1775675627437481,1775675627480869,43.388,ok
wifi_adhoc,1,8,1775675628437262,1775675628503392,66.13,ok
wifi_adhoc,1,8,1775675629437347,1775675629531332,93.985,ok
wifi_adhoc,1,8,1775675630437275,1775675630636254,198.979,ok
wifi_adhoc,1,8,1775675631437198,1775675631472928,35.73,ok
wifi_adhoc,1,8,1775675632437196,1775675632501265,64.069,ok
wifi_adhoc,1,8,1775675633437751,1775675633521628,83.877,ok
wifi_adhoc,1,8,1775675634437270,1775675634629669,192.399,ok
wifi_adhoc,1,8,1775675635437197,1775675635489201,52.004,ok
wifi_adhoc,1,8,1775675636437230,1775675636490817,53.587,ok
wifi_adhoc,1,8,1775675637437251,1775675637461566,24.315,ok
wifi_adhoc,1,8,1775675638437198,1775675638539665,102.467,ok
wifi_adhoc,1,8,1775675639437734,1775675639647848,210.114,ok
wifi_adhoc,1,8,1775675640437259,1775675640485172,47.913,ok
wifi_adhoc,1,8,1775675641437265,1775675641508842,71.577,ok
wifi_adhoc,1,8,1775675642437742,1775675642533171,95.429,ok
wifi_adhoc,1,8,1775675643437182,1775675643640721,203.539,ok
wifi_adhoc,1,8,1775675644437263,1775675644478461,41.198,ok
wifi_adhoc,1,8,1775675645437190,1775675645502156,64.966,ok
wifi_adhoc,1,8,1775675646437260,1775675646527595,90.335,ok
wifi_adhoc,1,8,1775675647437297,1775675647634412,197.115,ok
wifi_adhoc,1,8,1775675648437303,1775675648471893,34.59,ok
wifi_adhoc,1,8,1775675649437234,1775675649496730,59.496,ok
wifi_adhoc,1,8,1775675650437632,1775675650519325,81.693,ok
wifi_adhoc,1,8,1775675651437315,1775675651543648,106.333,ok
wifi_adhoc,1,8,1775675652437757,1775675652651128,213.371,ok
wifi_adhoc,1,8,1775675653437724,1775675653490288,52.564,ok
wifi_adhoc,1,8,1775675654437731,1775675654514084,76.353,ok
wifi_adhoc,1,8,1775675655437723,1775675655537630,99.907,ok
wifi_adhoc,1,8,1775675656437752,1775675656646441,208.689,ok
wifi_adhoc,1,8,1775675657437194,1775675657453389,16.195,ok
wifi_adhoc,1,8,1775675658437204,1775675658538843,101.639,ok
wifi_adhoc,1,8,1775675659437729,1775675659532368,94.639,ok
wifi_adhoc,1,8,1775675660437279,1775675660638269,200.99,ok
wifi_adhoc,1,8,1775675661437280,1775675661480865,43.585,ok
wifi_adhoc,1,8,1775675662437270,1775675662500083,62.813,ok
wifi_adhoc,1,8,1775675663437194,1775675663527942,90.748,ok
wifi_adhoc,1,8,1775675664437279,1775675664549537,112.258,ok
wifi_adhoc,1,8,1775675665437731,1775675665468901,31.17,ok
wifi_adhoc,1,8,1775675666437210,1775675666493092,55.882,ok
wifi_adhoc,1,8,1775675667437773,1775675667520196,82.423,ok
wifi_adhoc,1,8,1775675668437738,1775675668542178,104.44,ok
wifi_adhoc,1,8,1775675669437286,1775675669650150,212.864,ok
wifi_adhoc,1,8,1775675670437732,1775675670487066,49.334,ok
wifi_adhoc,1,8,1775675671437735,1775675671514508,76.773,ok
wifi_adhoc,1,8,1775675672437730,1775675672536472,98.742,ok
wifi_adhoc,1,8,1775675673437202,1775675673643672,206.47,ok
wifi_adhoc,1,8,1775675674437209,1775675674480847,43.638,ok
wifi_adhoc,1,8,1775675675437266,1775675675504419,67.153,ok
wifi_adhoc,1,8,1775675676437767,1775675676533539,95.772,ok
wifi_adhoc,1,8,1775675677437220,1775675677452575,15.355,ok
wifi_adhoc,1,8,1775675678437740,1775675678474379,36.639,ok
wifi_adhoc,1,8,1775675679437319,1775675679498334,61.015,ok
wifi_adhoc,1,8,1775675680437207,1775675680522587,85.38,ok
wifi_adhoc,1,8,1775675681437268,1775675681630464,193.196,ok
wifi_adhoc,1,8,1775675682437212,1775675682468240,31.028,ok
wifi_adhoc,1,8,1775675683437732,1775675683493648,55.916,ok
wifi_adhoc,1,8,1775675684437762,1775675684515111,77.349,ok
wifi_adhoc,1,8,1775675685437206,1775675685539329,102.123,ok
wifi_adhoc,1,8,1775675686437287,1775675686647721,210.434,ok
wifi_adhoc,1,8,1775675687437344,1775675687485102,47.758,ok
wifi_adhoc,1,8,1775675688437211,1775675688509144,71.933,ok
wifi_adhoc,1,8,1775675689437185,1775675689534864,97.679,ok
wifi_adhoc,1,8,1775675690437232,1775675690641368,204.136,ok
wifi_adhoc,1,8,1775675691437725,1775675691478370,40.645,ok
wifi_adhoc,1,8,1775675692437732,1775675692502999,65.267,ok
wifi_adhoc,1,8,1775675693437714,1775675693525775,88.061,ok
wifi_adhoc,1,8,1775675694437198,1775675694634942,197.744,ok
wifi_adhoc,1,8,1775675695437194,1775675695473026,35.832,ok
wifi_adhoc,1,8,1775675696437234,1775675696497031,59.797,ok
wifi_adhoc,1,8,1775675697437275,1775675697453753,16.478,ok
wifi_adhoc,1,8,1775675698437429,1775675698544164,106.735,ok
wifi_adhoc,1,8,1775675699437194,1775675699652711,215.517,ok
wifi_adhoc,1,8,1775675700437169,1775675700676141,238.972,ok
wifi_adhoc,1,8,1775675701437196,1775675701513014,75.818,ok
wifi_adhoc,1,8,1775675702437715,1775675702537556,99.841,ok
wifi_adhoc,1,8,1775675703437739,1775675703646200,208.461,ok
wifi_adhoc,1,8,1775675704437293,1775675704485793,48.5,ok
wifi_adhoc,1,8,1775675705437240,1775675705507315,70.075,ok
wifi_adhoc,1,8,1775675706437279,1775675706530911,93.632,ok
wifi_adhoc,1,8,1775675707437742,1775675707639175,201.433,ok
wifi_adhoc,1,8,1775675708437364,1775675708476180,38.816,ok
wifi_adhoc,1,8,1775675709437255,1775675709500988,63.733,ok
wifi_adhoc,1,8,1775675710437175,1775675710542493,105.318,ok
wifi_adhoc,1,8,1775675711437304,1775675711549078,111.774,ok
wifi_adhoc,1,8,1775675712437312,1775675712476089,38.777,ok
wifi_adhoc,1,8,1775675713437181,1775675713494795,57.614,ok
wifi_adhoc,1,8,1775675714437233,1775675714518412,81.179,ok
wifi_adhoc,1,8,1775675715437255,1775675715543113,105.858,ok
wifi_adhoc,1,8,1775675716437731,1775675716649831,212.1,ok
wifi_adhoc,1,8,1775675717437709,1775675717454976,17.267,ok
wifi_adhoc,1,8,1775675718437245,1775675718515271,78.026,ok
wifi_adhoc,1,8,1775675719437233,1775675719536422,99.189,ok
wifi_adhoc,1,8,1775675720437216,1775675720643386,206.17,ok
wifi_adhoc,1,8,1775675721437253,1775675721484491,47.238,ok
wifi_adhoc,1,8,1775675722437243,1775675722508077,70.834,ok
wifi_adhoc,1,8,1775675723437755,1775675723529995,92.24,ok
wifi_adhoc,1,8,1775675724437224,1775675724636832,199.608,ok
wifi_adhoc,1,8,1775675725437245,1775675725480807,43.562,ok
wifi_adhoc,1,8,1775675726437195,1775675726503090,65.895,ok
wifi_adhoc,1,8,1775675727437735,1775675727523552,85.817,ok
wifi_adhoc,1,8,1775675728437265,1775675728615442,178.177,ok
wifi_adhoc,1,8,1775675729437259,1775675729482542,45.283,ok
wifi_adhoc,1,8,1775675730437743,1775675730497021,59.278,ok
wifi_adhoc,1,8,1775675731437559,1775675731521126,83.567,ok
wifi_adhoc,1,8,1775675732437721,1775675732543346,105.625,ok
wifi_adhoc,1,8,1775675733437197,1775675733648373,211.176,ok
wifi_adhoc,1,8,1775675734437376,1775675734489646,52.27,ok
wifi_adhoc,1,8,1775675735437638,1775675735515961,78.323,ok
wifi_adhoc,1,8,1775675736437305,1775675736534466,97.161,ok
wifi_adhoc,1,8,1775675737437258,1775675737467274,30.016,ok
wifi_adhoc,1,8,1775675738437215,1775675738485019,47.804,ok
wifi_adhoc,1,8,1775675739437732,1775675739524390,86.658,ok
wifi_adhoc,1,8,1775675740437735,1775675740529797,92.062,ok
wifi_adhoc,1,8,1775675741437737,1775675741635111,197.374,ok
wifi_adhoc,1,8,1775675742437276,1775675742477500,40.224,ok
wifi_adhoc,1,8,1775675743437286,1775675743499505,62.219,ok
wifi_adhoc,1,8,1775675744437197,1775675744521773,84.576,ok
wifi_adhoc,1,8,1775675745437669,1775675745544302,106.633,ok
wifi_adhoc,1,8,1775675746437248,1775675746469147,31.899,ok
wifi_adhoc,1,8,1775675747437193,1775675747499932,62.739,ok
wifi_adhoc,1,8,1775675748437239,1775675748517019,79.78,ok
wifi_adhoc,1,8,1775675749437728,1775675749537910,100.182,ok
wifi_adhoc,1,8,1775675750437210,1775675750563849,126.639,ok
wifi_adhoc,1,8,1775675751437198,1775675751488661,51.463,ok
wifi_adhoc,1,8,1775675752437383,1775675752510931,73.548,ok
wifi_adhoc,1,8,1775675753437743,1775675753534034,96.291,ok
wifi_adhoc,1,8,1775675754437193,1775675754640235,203.042,ok
wifi_adhoc,1,8,1775675755437203,1775675755481265,44.062,ok
wifi_adhoc,1,8,1775675756437192,1775675756505189,67.997,ok
wifi_adhoc,1,8,1775675757437178,1775675757453486,16.308,ok
wifi_adhoc,1,8,1775675758437369,1775675758563237,125.868,ok
wifi_adhoc,1,8,1775675759437284,1775675759473336,36.052,ok
wifi_adhoc,1,8,1775675760437199,1775675760624210,187.011,ok
wifi_adhoc,1,8,1775675761437385,1775675761645948,208.563,ok
wifi_adhoc,1,8,1775675762437378,1775675762670594,233.216,ok
wifi_adhoc,1,8,1775675763437200,1775675763696186,258.986,ok
wifi_adhoc,1,8,1775675764437243,1775675764490828,53.585,ok
wifi_adhoc,1,8,1775675765437282,1775675765523102,85.82,ok
wifi_adhoc,1,8,1775675766437734,1775675766540453,102.719,ok
wifi_adhoc,1,8,1775675767437730,1775675767645209,207.479,ok
wifi_adhoc,1,8,1775675768437192,1775675768484496,47.304,ok
wifi_adhoc,1,8,1775675769437722,1775675769510750,73.028,ok
wifi_adhoc,1,8,1775675770437756,1775675770533055,95.299,ok
wifi_adhoc,1,8,1775675771437182,1775675771637812,200.63,ok
wifi_adhoc,1,8,1775675772437178,1775675772478805,41.627,ok
wifi_adhoc,1,8,1775675773437242,1775675773510238,72.996,ok
wifi_adhoc,1,8,1775675774437276,1775675774528742,91.466,ok
wifi_adhoc,1,8,1775675775437257,1775675775631949,194.692,ok
wifi_adhoc,1,8,1775675776437190,1775675776469795,32.605,ok
wifi_adhoc,1,8,1775675777437266,1775675777455283,18.017,ok
wifi_adhoc,1,8,1775675778437737,1775675778520749,83.012,ok
wifi_adhoc,1,8,1775675779437316,1775675779543994,106.678,ok
wifi_adhoc,1,8,1775675780437193,1775675780649195,212.002,ok
wifi_adhoc,1,8,1775675781437192,1775675781492600,55.408,ok
wifi_adhoc,1,8,1775675782437241,1775675782515243,78.002,ok
wifi_adhoc,1,8,1775675783437277,1775675783543369,106.092,ok
wifi_adhoc,1,8,1775675784437260,1775675784642824,205.564,ok
wifi_adhoc,1,8,1775675785437571,1775675785482806,45.235,ok
wifi_adhoc,1,8,1775675786437246,1775675786505250,68.004,ok
wifi_adhoc,1,8,1775675787437198,1775675787527527,90.329,ok
wifi_adhoc,1,8,1775675788437199,1775675788609128,171.929,ok
wifi_adhoc,1,8,1775675789437308,1775675789476483,39.175,ok
wifi_adhoc,1,8,1775675790437270,1775675790498316,61.046,ok
wifi_adhoc,1,8,1775675791437231,1775675791524383,87.152,ok
wifi_adhoc,1,8,1775675792437185,1775675792630373,193.188,ok
wifi_adhoc,1,8,1775675793437249,1775675793467088,29.839,ok
wifi_adhoc,1,8,1775675794437247,1775675794493136,55.889,ok
wifi_adhoc,1,8,1775675795437198,1775675795518364,81.166,ok
wifi_adhoc,1,8,1775675796437201,1775675796542035,104.834,ok
wifi_adhoc,1,8,1775675797437545,1775675797462854,25.309,ok
wifi_adhoc,1,8,1775675798437231,1775675798487400,50.169,ok
wifi_adhoc,1,8,1775675799437187,1775675799511632,74.445,ok
wifi_adhoc,1,8,1775675800437284,1775675800546274,108.99,ok
wifi_adhoc,1,8,1775675801437197,1775675801640843,203.646,ok
wifi_adhoc,1,8,1775675802437180,1775675802479332,42.152,ok
wifi_adhoc,1,8,1775675803437206,1775675803506793,69.587,ok
wifi_adhoc,1,8,1775675804437173,1775675804528626,91.453,ok
wifi_adhoc,1,8,1775675805437235,1775675805634816,197.581,ok
wifi_adhoc,1,8,1775675806437256,1775675806477790,40.534,ok
wifi_adhoc,1,8,1775675807437202,1775675807497726,60.524,ok
wifi_adhoc,1,8,1775675808437765,1775675808525480,87.715,ok
wifi_adhoc,1,8,1775675810437374,1775675810466307,28.933,ok
wifi_adhoc,1,8,1775675811437274,1775675811490411,53.137,ok
wifi_adhoc,1,8,1775675812437273,1775675812518094,80.821,ok
wifi_adhoc,1,8,1775675813437744,1775675813540029,102.285,ok
wifi_adhoc,1,8,1775675814437242,1775675814646015,208.773,ok
wifi_adhoc,1,8,1775675815437257,1775675815486278,49.021,ok
wifi_adhoc,1,8,1775675816437272,1775675816506503,69.231,ok
wifi_adhoc,1,8,1775675817437270,1775675817453809,16.539,ok
wifi_adhoc,1,8,1775675818437197,1775675818639092,201.895,ok
wifi_adhoc,1,8,1775675819437228,1775675819487744,50.516,ok
wifi_adhoc,1,8,1775675820437193,1775675820502076,64.883,ok
wifi_adhoc,1,8,1775675821437383,1775675821527148,89.765,ok
wifi_adhoc,1,8,1775675822437194,1775675822633323,196.129,ok
wifi_adhoc,1,8,1775675823437200,1775675823470293,33.093,ok
wifi_adhoc,1,8,1775675824437710,1775675824496022,58.312,ok
wifi_adhoc,1,8,1775675825437208,1775675825517726,80.518,ok
wifi_adhoc,1,8,1775675826437284,1775675826625781,188.497,ok
wifi_adhoc,1,8,1775675827437232,1775675827649614,212.382,ok
wifi_adhoc,1,8,1775675828437733,1775675828488865,51.132,ok
wifi_adhoc,1,8,1775675829437281,1775675829511505,74.224,ok
wifi_adhoc,1,8,1775675830437280,1775675830620406,183.126,ok
wifi_adhoc,1,8,1775675831437186,1775675831643328,206.142,ok
wifi_adhoc,1,8,1775675832437218,1775675832482282,45.064,ok
wifi_adhoc,1,8,1775675833437198,1775675833504604,67.406,ok
wifi_adhoc,1,8,1775675834437733,1775675834530126,92.393,ok
wifi_adhoc,1,8,1775675835437371,1775675835636795,199.424,ok
wifi_adhoc,1,8,1775675836437711,1775675836477530,39.819,ok
wifi_adhoc,1,8,1775675837437275,1775675837454162,16.887,ok
wifi_adhoc,1,8,1775675838437737,1775675838525063,87.326,ok
wifi_adhoc,1,8,1775675839437253,1775675839453981,16.728,ok
wifi_adhoc,1,8,1775675840437409,1775675840470018,32.609,ok
wifi_adhoc,1,8,1775675841437200,1775675841496069,58.869,ok
wifi_adhoc,1,8,1775675842437281,1775675842540977,103.696,ok
wifi_adhoc,1,8,1775675843437731,1775675843540788,103.057,ok
wifi_adhoc,1,8,1775675844437197,1775675844648641,211.444,ok
wifi_adhoc,1,8,1775675845437734,1775675845488882,51.148,ok
wifi_adhoc,1,8,1775675846437149,1775675846512470,75.321,ok
wifi_adhoc,1,8,1775675847437753,1775675847535915,98.162,ok
wifi_adhoc,1,8,1775675849437378,1775675849485014,47.636,ok
wifi_adhoc,1,8,1775675850437274,1775675850503618,66.344,ok
wifi_adhoc,1,8,1775675851437738,1775675851530910,93.172,ok
wifi_adhoc,1,8,1775675852437267,1775675852634903,197.636,ok
wifi_adhoc,1,8,1775675853437737,1775675853477194,39.457,ok
wifi_adhoc,1,8,1775675854437187,1775675854500250,63.063,ok
wifi_adhoc,1,8,1775675855437191,1775675855604396,167.205,ok
wifi_adhoc,1,8,1775675856437191,1775675856544210,107.019,ok
wifi_adhoc,1,8,1775675857437717,1775675857468717,31.0,ok
wifi_adhoc,1,8,1775675858437387,1775675858676893,239.506,ok
wifi_adhoc,1,8,1775675859437207,1775675859514735,77.528,ok
wifi_adhoc,1,8,1775675860437452,1775675860537746,100.294,ok
wifi_adhoc,1,8,1775675861437194,1775675861646527,209.333,ok
wifi_adhoc,1,8,1775675862437659,1775675862483572,45.913,ok
wifi_adhoc,1,8,1775675863437273,1775675863508145,70.872,ok
wifi_adhoc,1,8,1775675864437201,1775675864534502,97.301,ok
wifi_adhoc,1,8,1775675865437731,1775675865640074,202.343,ok
wifi_adhoc,1,8,1775675866437717,1775675866477299,39.582,ok
wifi_adhoc,1,8,1775675867437207,1775675867501428,64.221,ok
wifi_adhoc,1,8,1775675868437275,1775675868527621,90.346,ok
wifi_adhoc,1,8,1775675869437199,1775675869633148,195.949,ok
wifi_adhoc,1,8,1775675870437190,1775675870473377,36.187,ok
wifi_adhoc,1,8,1775675871437260,1775675871494297,57.037,ok
wifi_adhoc,1,8,1775675872437731,1775675872518938,81.207,ok
wifi_adhoc,1,8,1775675873437197,1775675873542529,105.332,ok
wifi_adhoc,1,8,1775675874437293,1775675874650552,213.259,ok
wifi_adhoc,1,8,1775675875437303,1775675875490382,53.079,ok
wifi_adhoc,1,8,1775675876437173,1775675876512786,75.613,ok
wifi_adhoc,1,8,1775675877437171,1775675877453708,16.537,ok
wifi_adhoc,1,8,1775675878437232,1775675878645316,208.084,ok
wifi_adhoc,1,8,1775675879437283,1775675879514140,76.857,ok
wifi_adhoc,1,8,1775675880437756,1775675880509530,71.774,ok
wifi_adhoc,1,8,1775675881437273,1775675881535093,97.82,ok
wifi_adhoc,1,8,1775675882437194,1775675882638412,201.218,ok
wifi_adhoc,1,8,1775675883437285,1775675883475602,38.317,ok
wifi_adhoc,1,8,1775675884437195,1775675884510552,73.357,ok
wifi_adhoc,1,8,1775675885437202,1775675885710744,273.542,ok
wifi_adhoc,1,8,1775675886437289,1775675886632104,194.815,ok
wifi_adhoc,1,8,1775675887437204,1775675887471613,34.409,ok
wifi_adhoc,1,8,1775675888437275,1775675888492464,55.189,ok
wifi_adhoc,1,8,1775675889437211,1775675889519291,82.08,ok
wifi_adhoc,1,8,1775675890437739,1775675890540788,103.049,ok
wifi_adhoc,1,8,1775675891437199,1775675891649360,212.161,ok
wifi_adhoc,1,8,1775675892437215,1775675892487134,49.919,ok
wifi_adhoc,1,8,1775675893437284,1775675893511787,74.503,ok
wifi_adhoc,1,8,1775675894437271,1775675894534909,97.638,ok
wifi_adhoc,1,8,1775675895437177,1775675895642254,205.077,ok
wifi_adhoc,1,8,1775675896437250,1775675896482234,44.984,ok
wifi_adhoc,1,8,1775675897437209,1775675897455763,18.554,ok
wifi_adhoc,1,8,1775675898437198,1775675898530264,93.066,ok
wifi_adhoc,1,8,1775675899437196,1775675899636627,199.431,ok
wifi_adhoc,1,8,1775675900437198,1775675900473334,36.136,ok
wifi_adhoc,1,8,1775675901437201,1775675901497566,60.365,ok
wifi_adhoc,1,8,1775675902437197,1775675902522066,84.869,ok
wifi_adhoc,1,8,1775675903437728,1775675903545393,107.665,ok
wifi_adhoc,1,8,1775675904437209,1775675904467258,30.049,ok
wifi_adhoc,1,8,1775675905437616,1775675905490599,52.983,ok
wifi_adhoc,1,8,1775675906437249,1775675906516380,79.131,ok
wifi_adhoc,1,8,1775675907437198,1775675907538872,101.674,ok
wifi_adhoc,1,8,1775675908437737,1775675908646842,209.105,ok
wifi_adhoc,1,8,1775675909437199,1775675909485259,48.06,ok
wifi_adhoc,1,8,1775675910437241,1775675910511727,74.486,ok
wifi_adhoc,1,8,1775675911437241,1775675911533462,96.221,ok
wifi_adhoc,1,8,1775675912437193,1775675912743160,305.967,ok
wifi_adhoc,1,8,1775675913437734,1775675913477639,39.905,ok
wifi_adhoc,1,8,1775675914437229,1775675914502789,65.56,ok
wifi_adhoc,1,8,1775675915437732,1775675915526067,88.335,ok
wifi_adhoc,1,8,1775675916437252,1775675916634268,197.016,ok
wifi_adhoc,1,8,1775675917437740,1775675917473085,35.345,ok
wifi_adhoc,1,8,1775675918437725,1775675918496860,59.135,ok
wifi_adhoc,1,8,1775675919437189,1775675919522156,84.967,ok
wifi_adhoc,1,8,1775675920437276,1775675920544139,106.863,ok
wifi_adhoc,1,8,1775675921437198,1775675921466708,29.51,ok
wifi_adhoc,1,8,1775675922437190,1775675922490542,53.352,ok
wifi_adhoc,1,8,1775675923437230,1775675923515296,78.066,ok
wifi_adhoc,1,8,1775675924437263,1775675924537603,100.34,ok
wifi_adhoc,1,8,1775675925437269,1775675925645850,208.581,ok
wifi_adhoc,1,8,1775675926437194,1775675926482464,45.27,ok
wifi_adhoc,1,8,1775675927437293,1775675927506344,69.051,ok
wifi_adhoc,1,8,1775675928437721,1775675928533214,95.493,ok
wifi_adhoc,1,8,1775675929437249,1775675929639643,202.394,ok
wifi_adhoc,1,8,1775675930437199,1775675930476007,38.808,ok
wifi_adhoc,1,8,1775675931437292,1775675931502241,64.949,ok
wifi_adhoc,1,8,1775675932437191,1775675932526901,89.71,ok
wifi_adhoc,1,8,1775675933437231,1775675933632042,194.811,ok
wifi_adhoc,1,8,1775675934437180,1775675934473043,35.863,ok
wifi_adhoc,1,8,1775675935437607,1775675935496171,58.564,ok
wifi_adhoc,1,8,1775675936437205,1775675936522968,85.763,ok
wifi_adhoc,1,8,1775675937437281,1775675937453461,16.18,ok
wifi_adhoc,1,8,1775675938437199,1775675938650732,213.533,ok
wifi_adhoc,1,8,1775675939437280,1775675939488995,51.715,ok
wifi_adhoc,1,8,1775675940437268,1775675940513649,76.381,ok
wifi_adhoc,1,8,1775675941437199,1775675941537992,100.793,ok
wifi_adhoc,1,8,1775675942437263,1775675942643431,206.168,ok
wifi_adhoc,1,8,1775675943437213,1775675943483515,46.302,ok
wifi_adhoc,1,8,1775675944437715,1775675944506269,68.554,ok
wifi_adhoc,1,8,1775675945437724,1775675945531201,93.477,ok
wifi_adhoc,1,8,1775675946437733,1775675946636710,198.977,ok
wifi_adhoc,1,8,1775675947437272,1775675947474326,37.054,ok
wifi_adhoc,1,8,1775675948437231,1775675948499203,61.972,ok
wifi_adhoc,1,8,1775675949437559,1775675949522026,84.467,ok
wifi_adhoc,1,8,1775675950437380,1775675950630217,192.837,ok
wifi_adhoc,1,8,1775675951437366,1775675951471594,34.228,ok
wifi_adhoc,1,8,1775675952437202,1775675952505486,68.284,ok
wifi_adhoc,1,8,1775675953437739,1775675953515544,77.805,ok
wifi_adhoc,1,8,1775675954437731,1775675954541073,103.342,ok
wifi_adhoc,1,8,1775675955437198,1775675955565308,128.11,ok
wifi_adhoc,1,8,1775675956437719,1775675956485860,48.141,ok
wifi_adhoc,1,8,1775675957437176,1775675957454836,17.66,ok
wifi_adhoc,1,8,1775675958437283,1775675958534179,96.896,ok
wifi_adhoc,1,8,1775675959437260,1775675959641706,204.446,ok
wifi_adhoc,1,8,1775675960437305,1775675960480222,42.917,ok
wifi_adhoc,1,8,1775675961437197,1775675961505772,68.575,ok
wifi_adhoc,1,8,1775675962437218,1775675962534467,97.249,ok
wifi_adhoc,1,8,1775675963437275,1775675963635201,197.926,ok
wifi_adhoc,1,8,1775675964437736,1775675964473735,35.999,ok
wifi_adhoc,1,8,1775675965437240,1775675965501772,64.532,ok
wifi_adhoc,1,8,1775675966437272,1775675966520549,83.277,ok
wifi_adhoc,1,8,1775675967437741,1775675967628959,191.218,ok
wifi_adhoc,1,8,1775675968437733,1775675968471901,34.168,ok
wifi_adhoc,1,8,1775675969437243,1775675969492733,55.49,ok
wifi_adhoc,1,8,1775675970437288,1775675970536269,98.981,ok
wifi_adhoc,1,8,1775675971437305,1775675971539588,102.283,ok
wifi_adhoc,1,8,1775675972437217,1775675972645979,208.762,ok
wifi_adhoc,1,8,1775675973437246,1775675973489186,51.94,ok
wifi_adhoc,1,8,1775675974437200,1775675974507829,70.629,ok
wifi_adhoc,1,8,1775675975437760,1775675975533529,95.769,ok
wifi_adhoc,1,8,1775675976437235,1775675976564858,127.623,ok
wifi_adhoc,1,8,1775675977437231,1775675977456657,19.426,ok
wifi_adhoc,1,8,1775675978437256,1775675978500952,63.696,ok
wifi_adhoc,1,8,1775675979437211,1775675979525383,88.172,ok
wifi_adhoc,1,8,1775675980437241,1775675980634053,196.812,ok
wifi_adhoc,1,8,1775675981437562,1775675981471061,33.499,ok
wifi_adhoc,1,8,1775675982437236,1775675982494395,57.159,ok
wifi_adhoc,1,8,1775675984437205,1775675984544201,106.996,ok
wifi_adhoc,1,8,1775675985437247,1775675985650599,213.352,ok
wifi_adhoc,1,8,1775675986437215,1775675986488642,51.427,ok
wifi_adhoc,1,8,1775675987437211,1775675987513491,76.28,ok
wifi_adhoc,1,8,1775675988437262,1775675988536300,99.038,ok
wifi_adhoc,1,8,1775675989437191,1775675989644080,206.889,ok
wifi_adhoc,1,8,1775675990437274,1775675990483470,46.196,ok
wifi_adhoc,1,8,1775675991437312,1775675991507079,69.767,ok
wifi_adhoc,1,8,1775675992437736,1775675992529538,91.802,ok
wifi_adhoc,1,8,1775675993437736,1775675993638983,201.247,ok
wifi_adhoc,1,8,1775675994437274,1775675994480260,42.986,ok
wifi_adhoc,1,8,1775675995437212,1775675995508714,71.502,ok
wifi_adhoc,1,8,1775675996437200,1775675996527482,90.282,ok
wifi_adhoc,1,8,1775675997437280,1775675997457639,20.359,ok
wifi_adhoc,1,8,1775675998437736,1775675998469384,31.648,ok
wifi_adhoc,1,8,1775675999437237,1775675999494209,56.972,ok
wifi_adhoc,1,8,1775676000437736,1775676000516623,78.887,ok
wifi_adhoc,1,8,1775676001437721,1775676001543561,105.84,ok
wifi_adhoc,1,8,1775676002437731,1775676002648698,210.967,ok
wifi_adhoc,1,8,1775676003437699,1775676003488416,50.717,ok
wifi_adhoc,1,8,1775676004437246,1775676004512054,74.808,ok
wifi_adhoc,1,8,1775676005437195,1775676005534450,97.255,ok
wifi_adhoc,1,8,1775676006437189,1775676006642249,205.06,ok
wifi_adhoc,1,8,1775676007437193,1775676007481908,44.715,ok
wifi_adhoc,1,8,1775676008437270,1775676008514322,77.052,ok
wifi_adhoc,1,8,1775676009437196,1775676009529402,92.206,ok
wifi_adhoc,1,8,1775676010437259,1775676010552998,115.739,ok
wifi_adhoc,1,8,1775676011437577,1775676011475614,38.037,ok
wifi_adhoc,1,8,1775676012437291,1775676012499206,61.915,ok
wifi_adhoc,1,8,1775676013437197,1775676013523777,86.58,ok
wifi_adhoc,1,8,1775676014437450,1775676014629526,192.076,ok
wifi_adhoc,1,8,1775676015437192,1775676015468179,30.987,ok
wifi_adhoc,1,8,1775676016437214,1775676016491129,53.915,ok
wifi_adhoc,1,8,1775676017437186,1775676017457269,20.083,ok
wifi_adhoc,1,8,1775676018437604,1775676018539837,102.233,ok
wifi_adhoc,1,8,1775676019437193,1775676019646977,209.784,ok
wifi_adhoc,1,8,1775676020437243,1775676020485533,48.29,ok
wifi_adhoc,1,8,1775676021437276,1775676021513301,76.025,ok
wifi_adhoc,1,8,1775676022437199,1775676022533579,96.38,ok
wifi_adhoc,1,8,1775676023437254,1775676023640510,203.256,ok
wifi_adhoc,1,8,1775676024437231,1775676024479183,41.952,ok
wifi_adhoc,1,8,1775676025437279,1775676025503564,66.285,ok
wifi_adhoc,1,8,1775676026437281,1775676026527605,90.324,ok
wifi_adhoc,1,8,1775676027437440,1775676027634409,196.969,ok
wifi_adhoc,1,8,1775676028437199,1775676028490759,53.56,ok
wifi_adhoc,1,8,1775676029437235,1775676029495661,58.426,ok
wifi_adhoc,1,8,1775676030437365,1775676030520581,83.216,ok
wifi_adhoc,1,8,1775676031437293,1775676031628987,191.694,ok
wifi_adhoc,1,8,1775676032437755,1775676032476410,38.655,ok
wifi_adhoc,1,8,1775676033437242,1775676033489580,52.338,ok
wifi_adhoc,1,8,1775676034437734,1775676034513047,75.313,ok
wifi_adhoc,1,8,1775676035437210,1775676035539159,101.949,ok
wifi_adhoc,1,8,1775676036437276,1775676036645636,208.36,ok
wifi_adhoc,1,8,1775676037437247,1775676037484259,47.012,ok
wifi_adhoc,1,8,1775676038437727,1775676038509062,71.335,ok
wifi_adhoc,1,8,1775676039437200,1775676039533665,96.465,ok
wifi_adhoc,1,8,1775676040437291,1775676040639022,201.731,ok
wifi_adhoc,1,8,1775676042437274,1775676042501207,63.933,ok
wifi_adhoc,1,8,1775676043437421,1775676043524139,86.718,ok
wifi_adhoc,1,8,1775676044437198,1775676044632714,195.516,ok
wifi_adhoc,1,8,1775676045437210,1775676045472025,34.815,ok
wifi_adhoc,1,8,1775676046437197,1775676046503432,66.235,ok
wifi_adhoc,1,8,1775676047437213,1775676047519312,82.099,ok
wifi_adhoc,1,8,1775676048437735,1775676048626335,188.6,ok
wifi_adhoc,1,8,1775676049437212,1775676049650007,212.795,ok
wifi_adhoc,1,8,1775676050437198,1775676050490569,53.371,ok
wifi_adhoc,1,8,1775676051437435,1775676051514272,76.837,ok
wifi_adhoc,1,8,1775676052437258,1775676052620881,183.623,ok
wifi_adhoc,1,8,1775676053437241,1775676053643335,206.094,ok
wifi_adhoc,1,8,1775676054437244,1775676054484748,47.504,ok
wifi_adhoc,1,8,1775676055437753,1775676055506451,68.698,ok
wifi_adhoc,1,8,1775676056437189,1775676056531130,93.941,ok
wifi_adhoc,1,8,1775676057437273,1775676057465162,27.889,ok
wifi_adhoc,1,8,1775676058437736,1775676058476935,39.199,ok
wifi_adhoc,1,8,1775676059437197,1775676059499155,61.958,ok
wifi_adhoc,1,8,1775676060437208,1775676060525082,87.874,ok
wifi_adhoc,1,8,1775676061437198,1775676061630709,193.511,ok
wifi_adhoc,1,8,1775676062437287,1775676062469025,31.738,ok
wifi_adhoc,1,8,1775676063437395,1775676063500717,63.322,ok
wifi_adhoc,1,8,1775676064437279,1775676064518854,81.575,ok
wifi_adhoc,1,8,1775676065437371,1775676065542574,105.203,ok
wifi_adhoc,1,8,1775676066437228,1775676066792773,355.545,ok
wifi_adhoc,1,8,1775676067437202,1775676067611915,174.713,ok
wifi_adhoc,1,8,1775676068437234,1775676068636373,199.139,ok
wifi_adhoc,1,8,1775676069437569,1775676069660984,223.415,ok
wifi_adhoc,1,8,1775676070437214,1775676070686089,248.875,ok
wifi_adhoc,1,8,1775676071437198,1775676071489259,52.061,ok
wifi_adhoc,1,8,1775676072437149,1775676072506049,68.9,ok
wifi_adhoc,1,8,1775676073437727,1775676073529369,91.642,ok
wifi_adhoc,1,8,,,nan,dropped
wifi_adhoc,1,8,,,nan,dropped
wifi_adhoc,1,8,,,nan,dropped
wifi_adhoc,1,8,,,nan,dropped
wifi_adhoc,1,8,,,nan,dropped
wifi_adhoc,1,8,,,nan,dropped
wifi_adhoc,1,8,,,nan,dropped
wifi_adhoc,1,8,,,nan,dropped
wifi_adhoc,1,8,,,nan,dropped
wifi_adhoc,1,8,,,nan,dropped
