config,frequency_hz,run,msg_index,send_ts_us,recv_ts_us,rtt_ms,status
serial_adhoc,1,6,1,1775651517864561,1775651517877724,13.163,ok
serial_adhoc,1,6,2,1775651518864758,1775651518877861,13.103,ok
serial_adhoc,1,6,3,1775651519864742,1775651519877523,12.781,ok
serial_adhoc,1,6,4,1775651520864718,1775651520877414,12.696,ok
serial_adhoc,1,6,5,1775651521864738,1775651521877138,12.4,ok
serial_adhoc,1,6,6,1775651522864747,1775651522877638,12.891,ok
serial_adhoc,1,6,7,1775651523864641,1775651523877243,12.602,ok
serial_adhoc,1,6,8,1775651524864740,1775651524876062,11.322,ok
serial_adhoc,1,6,9,1775651525864730,1775651525877211,12.481,ok
serial_adhoc,1,6,10,1775651526864749,1775651526882503,17.754,ok
serial_adhoc,1,6,11,1775651527864704,1775651527876631,11.927,ok
serial_adhoc,1,6,12,1775651528865080,1775651528877711,12.631,ok
serial_adhoc,1,6,13,1775651529864742,1775651529877296,12.554,ok
serial_adhoc,1,6,14,1775651530864739,1775651530876922,12.183,ok
serial_adhoc,1,6,15,1775651531864739,1775651531877063,12.324,ok
serial_adhoc,1,6,16,1775651532864741,1775651532877209,12.468,ok
serial_adhoc,1,6,17,1775651533864760,1775651533877422,12.662,ok
serial_adhoc,1,6,18,1775651534864725,1775651534876877,12.152,ok
serial_adhoc,1,6,19,1775651535864749,1775651535877141,12.392,ok
serial_adhoc,1,6,20,1775651536864724,1775651536877135,12.411,ok
serial_adhoc,1,6,21,1775651537864745,1775651537877258,12.513,ok
serial_adhoc,1,6,22,1775651538864727,1775651538877252,12.525,ok
serial_adhoc,1,6,23,1775651539864742,1775651539877331,12.589,ok
serial_adhoc,1,6,24,1775651540864743,1775651540876384,11.641,ok
serial_adhoc,1,6,25,1775651541864726,1775651541877462,12.736,ok
serial_adhoc,1,6,26,1775651542864749,1775651542876870,12.121,ok
serial_adhoc,1,6,27,1775651543864731,1775651543877217,12.486,ok
serial_adhoc,1,6,28,1775651544864721,1775651544877728,13.007,ok
serial_adhoc,1,6,29,1775651545864920,1775651545877209,12.289,ok
serial_adhoc,1,6,30,1775651546864739,1775651546877267,12.528,ok
serial_adhoc,1,6,31,1775651547864732,1775651547877793,13.061,ok
serial_adhoc,1,6,32,1775651548864752,1775651548877104,12.352,ok
serial_adhoc,1,6,33,1775651549864758,1775651549877505,12.747,ok
serial_adhoc,1,6,34,1775651550864922,1775651550876979,12.057,ok
serial_adhoc,1,6,35,1775651551864692,1775651551877101,12.409,ok
serial_adhoc,1,6,36,1775651552864740,1775651552877045,12.305,ok
serial_adhoc,1,6,37,1775651553864738,1775651553877109,12.371,ok
serial_adhoc,1,6,38,1775651554864739,1775651554877204,12.465,ok
serial_adhoc,1,6,39,1775651555864632,1775651555875593,10.961,ok
serial_adhoc,1,6,40,1775651556864730,1775651556876995,12.265,ok
serial_adhoc,1,6,41,1775651557864650,1775651557877170,12.52,ok
serial_adhoc,1,6,42,1775651558864921,1775651558877381,12.46,ok
serial_adhoc,1,6,43,1775651559864704,1775651559877340,12.636,ok
serial_adhoc,1,6,44,1775651560864708,1775651560876872,12.164,ok
serial_adhoc,1,6,45,1775651561864714,1775651561876974,12.26,ok
serial_adhoc,1,6,46,1775651562864709,1775651562877289,12.58,ok
serial_adhoc,1,6,47,1775651563864720,1775651563877286,12.566,ok
serial_adhoc,1,6,48,1775651564864725,1775651564876953,12.228,ok
serial_adhoc,1,6,49,1775651565864638,1775651565876493,11.855,ok
serial_adhoc,1,6,50,1775651566864742,1775651566876971,12.229,ok
serial_adhoc,1,6,51,1775651567864710,1775651567877164,12.454,ok
serial_adhoc,1,6,52,1775651568864704,1775651568877299,12.595,ok
serial_adhoc,1,6,53,1775651569864740,1775651569877242,12.502,ok
serial_adhoc,1,6,54,1775651570864724,1775651570877232,12.508,ok
serial_adhoc,1,6,55,1775651571864710,1775651571877139,12.429,ok
serial_adhoc,1,6,56,1775651572864731,1775651572877386,12.655,ok
serial_adhoc,1,6,57,1775651573864716,1775651573876579,11.863,ok
serial_adhoc,1,6,58,1775651574864728,1775651574876701,11.973,ok
serial_adhoc,1,6,59,1775651575864734,1775651575876984,12.25,ok
serial_adhoc,1,6,60,1775651576864746,1775651576877559,12.813,ok
serial_adhoc,1,6,61,1775651577864740,1775651577877220,12.48,ok
serial_adhoc,1,6,62,1775651578864721,1775651578876572,11.851,ok
serial_adhoc,1,6,63,1775651579864634,1775651579877234,12.6,ok
serial_adhoc,1,6,64,1775651580864734,1775651580877395,12.661,ok
serial_adhoc,1,6,65,1775651581864731,1775651581877318,12.587,ok
serial_adhoc,1,6,66,1775651582864735,1775651582876590,11.855,ok
serial_adhoc,1,6,67,1775651583864732,1775651583877078,12.346,ok
serial_adhoc,1,6,68,1775651584864732,1775651584877261,12.529,ok
serial_adhoc,1,6,69,1775651585864734,1775651585877281,12.547,ok
serial_adhoc,1,6,70,1775651586864691,1775651586876164,11.473,ok
serial_adhoc,1,6,71,1775651587864737,1775651587877266,12.529,ok
serial_adhoc,1,6,72,1775651588864756,1775651588877313,12.557,ok
serial_adhoc,1,6,73,1775651589864747,1775651589877356,12.609,ok
serial_adhoc,1,6,74,1775651590864717,1775651590876167,11.45,ok
serial_adhoc,1,6,75,1775651591864728,1775651591877135,12.407,ok
serial_adhoc,1,6,76,1775651592864740,1775651592876843,12.103,ok
serial_adhoc,1,6,77,1775651593864733,1775651593877363,12.63,ok
serial_adhoc,1,6,78,1775651594864729,1775651594877995,13.266,ok
serial_adhoc,1,6,79,1775651595864744,1775651595876934,12.19,ok
serial_adhoc,1,6,80,1775651596864738,1775651596876637,11.899,ok
serial_adhoc,1,6,81,1775651597864740,1775651597877988,13.248,ok
serial_adhoc,1,6,82,1775651598864720,1775651598876837,12.117,ok
serial_adhoc,1,6,83,1775651599864723,1775651599877466,12.743,ok
serial_adhoc,1,6,84,1775651600864732,1775651600877261,12.529,ok
serial_adhoc,1,6,85,1775651601864727,1775651601877703,12.976,ok
serial_adhoc,1,6,86,1775651602864714,1775651602876051,11.337,ok
serial_adhoc,1,6,87,1775651603864733,1775651603877256,12.523,ok
serial_adhoc,1,6,88,1775651604864745,1775651604876975,12.23,ok
serial_adhoc,1,6,89,1775651605864727,1775651605877220,12.493,ok
serial_adhoc,1,6,90,1775651606864735,1775651606877015,12.28,ok
serial_adhoc,1,6,91,1775651607864731,1775651607877076,12.345,ok
serial_adhoc,1,6,92,1775651608864751,1775651608876619,11.868,ok
serial_adhoc,1,6,93,1775651609864740,1775651609877361,12.621,ok
serial_adhoc,1,6,94,1775651610864724,1775651610877115,12.391,ok
serial_adhoc,1,6,95,1775651611864734,1775651611877097,12.363,ok
serial_adhoc,1,6,96,1775651612864724,1775651612877010,12.286,ok
serial_adhoc,1,6,97,1775651613864741,1775651613877144,12.403,ok
serial_adhoc,1,6,98,1775651614864659,1775651614876602,11.943,ok
serial_adhoc,1,6,99,1775651615864676,1775651615875786,11.11,ok
serial_adhoc,1,6,100,1775651616864745,1775651616877826,13.081,ok
serial_adhoc,1,6,101,1775651617864747,1775651617877382,12.635,ok
serial_adhoc,1,6,102,1775651618864746,1775651618877171,12.425,ok
serial_adhoc,1,6,103,1775651619864750,1775651619877334,12.584,ok
serial_adhoc,1,6,104,1775651620864746,1775651620877606,12.86,ok
serial_adhoc,1,6,105,1775651621864732,1775651621877134,12.402,ok
serial_adhoc,1,6,106,1775651622864649,1775651622877427,12.778,ok
serial_adhoc,1,6,107,1775651623864740,1775651623877298,12.558,ok
serial_adhoc,1,6,108,1775651624864734,1775651624876997,12.263,ok
serial_adhoc,1,6,109,1775651625864757,1775651625877448,12.691,ok
serial_adhoc,1,6,110,1775651626864725,1775651626877268,12.543,ok
serial_adhoc,1,6,111,1775651627864744,1775651627877133,12.389,ok
serial_adhoc,1,6,112,1775651628864765,1775651628877730,12.965,ok
serial_adhoc,1,6,113,1775651629864757,1775651629877487,12.73,ok
serial_adhoc,1,6,114,1775651630864765,1775651630877208,12.443,ok
serial_adhoc,1,6,115,1775651631864763,1775651631877278,12.515,ok
serial_adhoc,1,6,116,1775651632864761,1775651632877423,12.662,ok
serial_adhoc,1,6,117,1775651633864741,1775651633877361,12.62,ok
serial_adhoc,1,6,118,1775651634864746,1775651634876622,11.876,ok
serial_adhoc,1,6,119,1775651635864740,1775651635877076,12.336,ok
serial_adhoc,1,6,120,1775651636864738,1775651636876820,12.082,ok
serial_adhoc,1,6,121,1775651637864710,1775651637876974,12.264,ok
serial_adhoc,1,6,122,1775651638864738,1775651638877121,12.383,ok
serial_adhoc,1,6,123,1775651639864716,1775651639877612,12.896,ok
serial_adhoc,1,6,124,1775651640864708,1775651640877212,12.504,ok
serial_adhoc,1,6,125,1775651641864715,1775651641877268,12.553,ok
serial_adhoc,1,6,126,1775651642864728,1775651642877311,12.583,ok
serial_adhoc,1,6,127,1775651643864725,1775651643877062,12.337,ok
serial_adhoc,1,6,128,1775651644864740,1775651644877330,12.59,ok
serial_adhoc,1,6,129,1775651645864709,1775651645876307,11.598,ok
serial_adhoc,1,6,130,1775651646864726,1775651646877601,12.875,ok
serial_adhoc,1,6,131,1775651647864731,1775651647877459,12.728,ok
serial_adhoc,1,6,132,1775651648864749,1775651648877234,12.485,ok
serial_adhoc,1,6,133,1775651649864645,1775651649877735,13.09,ok
serial_adhoc,1,6,134,1775651650864724,1775651650877250,12.526,ok
serial_adhoc,1,6,135,1775651651864717,1775651651877450,12.733,ok
serial_adhoc,1,6,136,1775651652864718,1775651652877584,12.866,ok
serial_adhoc,1,6,137,1775651653864705,1775651653875996,11.291,ok
serial_adhoc,1,6,138,1775651654864720,1775651654877256,12.536,ok
serial_adhoc,1,6,139,1775651655864729,1775651655877343,12.614,ok
serial_adhoc,1,6,140,1775651656864756,1775651656877575,12.819,ok
serial_adhoc,1,6,141,1775651657864706,1775651657876876,12.17,ok
serial_adhoc,1,6,142,1775651658864731,1775651658877136,12.405,ok
serial_adhoc,1,6,143,1775651659864747,1775651659877121,12.374,ok
serial_adhoc,1,6,144,1775651660864646,1775651660877186,12.54,ok
serial_adhoc,1,6,145,1775651661864734,1775651661876827,12.093,ok
serial_adhoc,1,6,146,1775651662864746,1775651662877413,12.667,ok
serial_adhoc,1,6,147,1775651663864726,1775651663876658,11.932,ok
serial_adhoc,1,6,148,1775651664864730,1775651664877246,12.516,ok
serial_adhoc,1,6,149,1775651665864733,1775651665877080,12.347,ok
serial_adhoc,1,6,150,1775651666864730,1775651666877281,12.551,ok
serial_adhoc,1,6,151,1775651667864725,1775651667877264,12.539,ok
serial_adhoc,1,6,152,1775651668864728,1775651668876627,11.899,ok
serial_adhoc,1,6,153,1775651669864720,1775651669877252,12.532,ok
serial_adhoc,1,6,154,1775651670864713,1775651670877389,12.676,ok
serial_adhoc,1,6,155,1775651671864726,1775651671877191,12.465,ok
serial_adhoc,1,6,156,1775651672864749,1775651672877315,12.566,ok
serial_adhoc,1,6,157,1775651673864745,1775651673877243,12.498,ok
serial_adhoc,1,6,158,1775651674864730,1775651674877196,12.466,ok
serial_adhoc,1,6,159,1775651675864624,1775651675876164,11.54,ok
serial_adhoc,1,6,160,1775651676864741,1775651676877271,12.53,ok
serial_adhoc,1,6,161,1775651677864724,1775651677877330,12.606,ok
serial_adhoc,1,6,162,1775651678864739,1775651678877316,12.577,ok
serial_adhoc,1,6,163,1775651679864747,1775651679876956,12.209,ok
serial_adhoc,1,6,164,1775651680864738,1775651680877351,12.613,ok
serial_adhoc,1,6,165,1775651681864728,1775651681877099,12.371,ok
serial_adhoc,1,6,166,1775651682864737,1775651682877553,12.816,ok
serial_adhoc,1,6,167,1775651683864749,1775651683877311,12.562,ok
serial_adhoc,1,6,168,1775651684864732,1775651684877361,12.629,ok
serial_adhoc,1,6,169,1775651685864710,1775651685876964,12.254,ok
serial_adhoc,1,6,170,1775651686864740,1775651686876726,11.986,ok
serial_adhoc,1,6,171,1775651687864718,1775651687877348,12.63,ok
serial_adhoc,1,6,172,1775651688864737,1775651688877292,12.555,ok
serial_adhoc,1,6,173,1775651689864739,1775651689877371,12.632,ok
serial_adhoc,1,6,174,1775651690864728,1775651690877239,12.511,ok
serial_adhoc,1,6,175,1775651691864726,1775651691876656,11.93,ok
serial_adhoc,1,6,176,1775651692864656,1775651692876911,12.255,ok
serial_adhoc,1,6,177,1775651693864749,1775651693877451,12.702,ok
serial_adhoc,1,6,178,1775651694864740,1775651694877332,12.592,ok
serial_adhoc,1,6,179,1775651695864740,1775651695877299,12.559,ok
serial_adhoc,1,6,180,1775651696864726,1775651696877227,12.501,ok
serial_adhoc,1,6,181,1775651697864754,1775651697877341,12.587,ok
serial_adhoc,1,6,182,1775651698864751,1775651698877197,12.446,ok
serial_adhoc,1,6,183,1775651699864759,1775651699877311,12.552,ok
serial_adhoc,1,6,184,1775651700864716,1775651700877302,12.586,ok
serial_adhoc,1,6,185,1775651701864736,1775651701877370,12.634,ok
serial_adhoc,1,6,186,1775651702864756,1775651702876987,12.231,ok
serial_adhoc,1,6,187,1775651703864753,1775651703877424,12.671,ok
serial_adhoc,1,6,188,1775651704864726,1775651704877254,12.528,ok
serial_adhoc,1,6,189,1775651705864735,1775651705877249,12.514,ok
serial_adhoc,1,6,190,1775651706864699,1775651706877053,12.354,ok
serial_adhoc,1,6,191,1775651707864748,1775651707877356,12.608,ok
serial_adhoc,1,6,192,1775651708864703,1775651708876265,11.562,ok
serial_adhoc,1,6,193,1775651709864643,1775651709877720,13.077,ok
serial_adhoc,1,6,194,1775651710864729,1775651710877383,12.654,ok
serial_adhoc,1,6,195,1775651711864717,1775651711876937,12.22,ok
serial_adhoc,1,6,196,1775651712864738,1775651712877192,12.454,ok
serial_adhoc,1,6,197,1775651713864727,1775651713877257,12.53,ok
serial_adhoc,1,6,198,1775651714864725,1775651714877331,12.606,ok
serial_adhoc,1,6,199,1775651715864728,1775651715877134,12.406,ok
serial_adhoc,1,6,200,1775651716864739,1775651716876837,12.098,ok
serial_adhoc,1,6,201,1775651717864750,1775651717877485,12.735,ok
serial_adhoc,1,6,202,1775651718864730,1775651718877085,12.355,ok
serial_adhoc,1,6,203,1775651719864733,1775651719878097,13.364,ok
serial_adhoc,1,6,204,1775651720864741,1775651720877059,12.318,ok
serial_adhoc,1,6,205,1775651721864729,1775651721877570,12.841,ok
serial_adhoc,1,6,206,1775651722864717,1775651722877724,13.007,ok
serial_adhoc,1,6,207,1775651723864650,1775651723877378,12.728,ok
serial_adhoc,1,6,208,1775651724864711,1775651724877510,12.799,ok
serial_adhoc,1,6,209,1775651725864722,1775651725877350,12.628,ok
serial_adhoc,1,6,210,1775651726864738,1775651726877515,12.777,ok
serial_adhoc,1,6,211,1775651727864716,1775651727877307,12.591,ok
serial_adhoc,1,6,212,1775651728864703,1775651728877475,12.772,ok
serial_adhoc,1,6,213,1775651729864706,1775651729876065,11.359,ok
serial_adhoc,1,6,214,1775651730864736,1775651730877296,12.56,ok
serial_adhoc,1,6,215,1775651731864734,1775651731877155,12.421,ok
serial_adhoc,1,6,216,1775651732864724,1775651732876091,11.367,ok
serial_adhoc,1,6,217,1775651733864723,1775651733877367,12.644,ok
serial_adhoc,1,6,218,1775651734864730,1775651734877012,12.282,ok
serial_adhoc,1,6,219,1775651735864625,1775651735876223,11.598,ok
serial_adhoc,1,6,220,1775651736864724,1775651736876875,12.151,ok
serial_adhoc,1,6,221,1775651737864741,1775651737877284,12.543,ok
serial_adhoc,1,6,222,1775651738864733,1775651738876925,12.192,ok
serial_adhoc,1,6,223,1775651739864750,1775651739877269,12.519,ok
serial_adhoc,1,6,224,1775651740864733,1775651740877293,12.56,ok
serial_adhoc,1,6,225,1775651741864761,1775651741877461,12.7,ok
serial_adhoc,1,6,226,1775651742864766,1775651742877308,12.542,ok
serial_adhoc,1,6,227,1775651743864730,1775651743877272,12.542,ok
serial_adhoc,1,6,228,1775651744864725,1775651744877288,12.563,ok
serial_adhoc,1,6,229,1775651745864739,1775651745877345,12.606,ok
serial_adhoc,1,6,230,1775651746864761,1775651746877306,12.545,ok
serial_adhoc,1,6,231,1775651747864729,1775651747877299,12.57,ok
serial_adhoc,1,6,232,1775651748864730,1775651748877331,12.601,ok
serial_adhoc,1,6,233,1775651749864751,1775651749876963,12.212,ok
serial_adhoc,1,6,234,1775651750864723,1775651750876991,12.268,ok
serial_adhoc,1,6,235,1775651751864729,1775651751877289,12.56,ok
serial_adhoc,1,6,236,1775651752864725,1775651752877136,12.411,ok
serial_adhoc,1,6,237,1775651753864730,1775651753877265,12.535,ok
serial_adhoc,1,6,238,1775651754864720,1775651754877148,12.428,ok
serial_adhoc,1,6,239,1775651755864750,1775651755876735,11.985,ok
serial_adhoc,1,6,240,1775651756864726,1775651756877010,12.284,ok
serial_adhoc,1,6,241,1775651757864737,1775651757877372,12.635,ok
serial_adhoc,1,6,242,1775651758864700,1775651758877608,12.908,ok
serial_adhoc,1,6,243,1775651759864744,1775651759877496,12.752,ok
serial_adhoc,1,6,244,1775651760864724,1775651760877115,12.391,ok
serial_adhoc,1,6,245,1775651761864728,1775651761877157,12.429,ok
serial_adhoc,1,6,246,1775651762864737,1775651762876753,12.016,ok
serial_adhoc,1,6,247,1775651763864757,1775651763877105,12.348,ok
serial_adhoc,1,6,248,1775651764864729,1775651764877417,12.688,ok
serial_adhoc,1,6,249,1775651765864756,1775651765877391,12.635,ok
serial_adhoc,1,6,250,1775651766864716,1775651766876892,12.176,ok
serial_adhoc,1,6,251,1775651767864750,1775651767877326,12.576,ok
serial_adhoc,1,6,252,1775651768864724,1775651768877166,12.442,ok
serial_adhoc,1,6,253,1775651769864728,1775651769876627,11.899,ok
serial_adhoc,1,6,254,1775651770864731,1775651770877167,12.436,ok
serial_adhoc,1,6,255,1775651771864755,1775651771877166,12.411,ok
serial_adhoc,1,6,256,1775651772864746,1775651772877367,12.621,ok
serial_adhoc,1,6,257,1775651773864729,1775651773877207,12.478,ok
serial_adhoc,1,6,258,1775651774864737,1775651774876843,12.106,ok
serial_adhoc,1,6,259,1775651775864724,1775651775877347,12.623,ok
serial_adhoc,1,6,260,1775651776864708,1775651776877038,12.33,ok
serial_adhoc,1,6,261,1775651777864762,1775651777877167,12.405,ok
serial_adhoc,1,6,262,1775651778864739,1775651778877340,12.601,ok
serial_adhoc,1,6,263,1775651779864741,1775651779877524,12.783,ok
serial_adhoc,1,6,264,1775651780864735,1775651780877348,12.613,ok
serial_adhoc,1,6,265,1775651781864739,1775651781877372,12.633,ok
serial_adhoc,1,6,266,1775651782864766,1775651782876932,12.166,ok
serial_adhoc,1,6,267,1775651783864745,1775651783877240,12.495,ok
serial_adhoc,1,6,268,1775651784864899,1775651784877387,12.488,ok
serial_adhoc,1,6,269,1775651785864730,1775651785877229,12.499,ok
serial_adhoc,1,6,270,1775651786864747,1775651786877272,12.525,ok
serial_adhoc,1,6,271,1775651787864708,1775651787876653,11.945,ok
serial_adhoc,1,6,272,1775651788864737,1775651788877162,12.425,ok
serial_adhoc,1,6,273,1775651789864730,1775651789877196,12.466,ok
serial_adhoc,1,6,274,1775651790864731,1775651790876895,12.164,ok
serial_adhoc,1,6,275,1775651791864722,1775651791876654,11.932,ok
serial_adhoc,1,6,276,1775651792864738,1775651792877296,12.558,ok
serial_adhoc,1,6,277,1775651793864758,1775651793877386,12.628,ok
serial_adhoc,1,6,278,1775651794864729,1775651794877357,12.628,ok
serial_adhoc,1,6,279,1775651795864746,1775651795877306,12.56,ok
serial_adhoc,1,6,280,1775651796864726,1775651796877198,12.472,ok
serial_adhoc,1,6,281,1775651797864731,1775651797876999,12.268,ok
serial_adhoc,1,6,282,1775651798864737,1775651798876737,12.0,ok
serial_adhoc,1,6,283,1775651799864733,1775651799877392,12.659,ok
serial_adhoc,1,6,284,1775651800864745,1775651800877472,12.727,ok
serial_adhoc,1,6,285,1775651801864749,1775651801877430,12.681,ok
serial_adhoc,1,6,286,1775651802864739,1775651802876763,12.024,ok
serial_adhoc,1,6,287,1775651803864704,1775651803876533,11.829,ok
serial_adhoc,1,6,288,1775651804864735,1775651804876568,11.833,ok
serial_adhoc,1,6,289,1775651805864721,1775651805876918,12.197,ok
serial_adhoc,1,6,290,1775651806864701,1775651806877087,12.386,ok
serial_adhoc,1,6,291,1775651807864706,1775651807877179,12.473,ok
serial_adhoc,1,6,292,1775651808864704,1775651808877142,12.438,ok
serial_adhoc,1,6,293,1775651809864717,1775651809876843,12.126,ok
serial_adhoc,1,6,294,1775651810864722,1775651810877222,12.5,ok
serial_adhoc,1,6,295,1775651811864747,1775651811878032,13.285,ok
serial_adhoc,1,6,296,1775651812864752,1775651812877183,12.431,ok
serial_adhoc,1,6,297,1775651813864751,1775651813877035,12.284,ok
serial_adhoc,1,6,298,1775651814864710,1775651814877072,12.362,ok
serial_adhoc,1,6,299,1775651815864714,1775651815877337,12.623,ok
serial_adhoc,1,6,300,1775651816864702,1775651816876392,11.69,ok
serial_adhoc,1,6,301,1775651817864712,1775651817877064,12.352,ok
serial_adhoc,1,6,302,1775651818864719,1775651818877223,12.504,ok
serial_adhoc,1,6,303,1775651819864730,1775651819877903,13.173,ok
serial_adhoc,1,6,304,1775651820864729,1775651820877570,12.841,ok
serial_adhoc,1,6,305,1775651821864734,1775651821877629,12.895,ok
serial_adhoc,1,6,306,1775651822864640,1775651822877011,12.371,ok
serial_adhoc,1,6,307,1775651823864779,1775651823877577,12.798,ok
serial_adhoc,1,6,308,1775651824864739,1775651824877732,12.993,ok
serial_adhoc,1,6,309,1775651825864762,1775651825876892,12.13,ok
serial_adhoc,1,6,310,1775651826864735,1775651826877357,12.622,ok
serial_adhoc,1,6,311,1775651827864724,1775651827877576,12.852,ok
serial_adhoc,1,6,312,1775651828864758,1775651828877300,12.542,ok
serial_adhoc,1,6,313,1775651829864745,1775651829876806,12.061,ok
serial_adhoc,1,6,314,1775651830864751,1775651830877224,12.473,ok
serial_adhoc,1,6,315,1775651831864635,1775651831877356,12.721,ok
serial_adhoc,1,6,316,1775651832864734,1775651832876702,11.968,ok
serial_adhoc,1,6,317,1775651833864748,1775651833877198,12.45,ok
serial_adhoc,1,6,318,1775651834864724,1775651834877412,12.688,ok
serial_adhoc,1,6,319,1775651835864726,1775651835877341,12.615,ok
serial_adhoc,1,6,320,1775651836864730,1775651836876614,11.884,ok
serial_adhoc,1,6,321,1775651837864714,1775651837876881,12.167,ok
serial_adhoc,1,6,322,1775651838864730,1775651838876572,11.842,ok
serial_adhoc,1,6,323,1775651839864745,1775651839877077,12.332,ok
serial_adhoc,1,6,324,1775651840864728,1775651840877285,12.557,ok
serial_adhoc,1,6,325,1775651841864701,1775651841876084,11.383,ok
serial_adhoc,1,6,326,1775651842864729,1775651842876928,12.199,ok
serial_adhoc,1,6,327,1775651843864729,1775651843876788,12.059,ok
serial_adhoc,1,6,328,1775651844864747,1775651844877020,12.273,ok
serial_adhoc,1,6,329,1775651845864747,1775651845877336,12.589,ok
serial_adhoc,1,6,330,1775651846864738,1775651846876944,12.206,ok
serial_adhoc,1,6,331,1775651847864747,1775651847876963,12.216,ok
serial_adhoc,1,6,332,1775651848864748,1775651848877272,12.524,ok
serial_adhoc,1,6,333,1775651849864739,1775651849877105,12.366,ok
serial_adhoc,1,6,334,1775651850864739,1775651850876928,12.189,ok
serial_adhoc,1,6,335,1775651851864718,1775651851876880,12.162,ok
serial_adhoc,1,6,336,1775651852864744,1775651852876740,11.996,ok
serial_adhoc,1,6,337,1775651853864746,1775651853877317,12.571,ok
serial_adhoc,1,6,338,1775651854864730,1775651854876742,12.012,ok
serial_adhoc,1,6,339,1775651855864636,1775651855877451,12.815,ok
serial_adhoc,1,6,340,1775651856864728,1775651856877332,12.604,ok
serial_adhoc,1,6,341,1775651857864753,1775651857876945,12.192,ok
serial_adhoc,1,6,342,1775651858864726,1775651858877386,12.66,ok
serial_adhoc,1,6,343,1775651859864708,1775651859877393,12.685,ok
serial_adhoc,1,6,344,1775651860864738,1775651860877209,12.471,ok
serial_adhoc,1,6,345,1775651861864739,1775651861877371,12.632,ok
serial_adhoc,1,6,346,1775651862864727,1775651862876972,12.245,ok
serial_adhoc,1,6,347,1775651863864756,1775651863877206,12.45,ok
serial_adhoc,1,6,348,1775651864864657,1775651864876741,12.084,ok
serial_adhoc,1,6,349,1775651865864756,1775651865877327,12.571,ok
serial_adhoc,1,6,350,1775651866864742,1775651866877285,12.543,ok
serial_adhoc,1,6,351,1775651867864744,1775651867876826,12.082,ok
serial_adhoc,1,6,352,1775651868864644,1775651868876560,11.916,ok
serial_adhoc,1,6,353,1775651869864732,1775651869877369,12.637,ok
serial_adhoc,1,6,354,1775651870864734,1775651870877122,12.388,ok
serial_adhoc,1,6,355,1775651871864729,1775651871877214,12.485,ok
serial_adhoc,1,6,356,1775651872864754,1775651872877090,12.336,ok
serial_adhoc,1,6,357,1775651873864748,1775651873877478,12.73,ok
serial_adhoc,1,6,358,1775651874864729,1775651874877139,12.41,ok
serial_adhoc,1,6,359,1775651875864745,1775651875877385,12.64,ok
serial_adhoc,1,6,360,1775651876864763,1775651876877044,12.281,ok
serial_adhoc,1,6,361,1775651877864741,1775651877877416,12.675,ok
serial_adhoc,1,6,362,1775651878864751,1775651878876761,12.01,ok
serial_adhoc,1,6,363,1775651879864759,1775651879877454,12.695,ok
serial_adhoc,1,6,364,1775651880864723,1775651880877294,12.571,ok
serial_adhoc,1,6,365,1775651881864747,1775651881877491,12.744,ok
serial_adhoc,1,6,366,1775651882864755,1775651882877455,12.7,ok
serial_adhoc,1,6,367,1775651883864761,1775651883876962,12.201,ok
serial_adhoc,1,6,368,1775651884864784,1775651884876743,11.959,ok
serial_adhoc,1,6,369,1775651885864716,1775651885876104,11.388,ok
serial_adhoc,1,6,370,1775651886864727,1775651886876762,12.035,ok
serial_adhoc,1,6,371,1775651887864725,1775651887877207,12.482,ok
serial_adhoc,1,6,372,1775651888864727,1775651888876947,12.22,ok
serial_adhoc,1,6,373,1775651889864729,1775651889876585,11.856,ok
serial_adhoc,1,6,374,1775651890864729,1775651890877276,12.547,ok
serial_adhoc,1,6,375,1775651891864727,1775651891877387,12.66,ok
serial_adhoc,1,6,376,1775651892864706,1775651892877071,12.365,ok
serial_adhoc,1,6,377,1775651893864713,1775651893877154,12.441,ok
serial_adhoc,1,6,378,1775651894864725,1775651894876955,12.23,ok
serial_adhoc,1,6,379,1775651895864724,1775651895877486,12.762,ok
serial_adhoc,1,6,380,1775651896864709,1775651896877076,12.367,ok
serial_adhoc,1,6,381,1775651897864773,1775651897877481,12.708,ok
serial_adhoc,1,6,382,1775651898864726,1775651898877244,12.518,ok
serial_adhoc,1,6,383,1775651899864725,1775651899877271,12.546,ok
serial_adhoc,1,6,384,1775651900864722,1775651900877077,12.355,ok
serial_adhoc,1,6,385,1775651901864744,1775651901877237,12.493,ok
serial_adhoc,1,6,386,1775651902864710,1775651902876850,12.14,ok
serial_adhoc,1,6,387,1775651903864719,1775651903877343,12.624,ok
serial_adhoc,1,6,388,1775651904864711,1775651904877254,12.543,ok
serial_adhoc,1,6,389,1775651905864722,1775651905877378,12.656,ok
serial_adhoc,1,6,390,1775651906864723,1775651906877196,12.473,ok
serial_adhoc,1,6,391,1775651907864718,1775651907877281,12.563,ok
serial_adhoc,1,6,392,1775651908864710,1775651908876232,11.522,ok
serial_adhoc,1,6,393,1775651909864729,1775651909877469,12.74,ok
serial_adhoc,1,6,394,1775651910864725,1775651910876603,11.878,ok
serial_adhoc,1,6,395,1775651911864915,1775651911877037,12.122,ok
serial_adhoc,1,6,396,1775651912864728,1775651912877374,12.646,ok
serial_adhoc,1,6,397,1775651913864928,1775651913877390,12.462,ok
serial_adhoc,1,6,398,1775651914864748,1775651914877315,12.567,ok
serial_adhoc,1,6,399,1775651915864651,1775651915877397,12.746,ok
serial_adhoc,1,6,400,1775651916864743,1775651916876804,12.061,ok
serial_adhoc,1,6,401,1775651917864760,1775651917877372,12.612,ok
serial_adhoc,1,6,402,1775651918864765,1775651918876826,12.061,ok
serial_adhoc,1,6,403,1775651919864700,1775651919879207,14.507,ok
serial_adhoc,1,6,404,1775651920864748,1775651920877894,13.146,ok
serial_adhoc,1,6,405,1775651921864761,1775651921877764,13.003,ok
serial_adhoc,1,6,406,1775651922864737,1775651922877218,12.481,ok
serial_adhoc,1,6,407,1775651923864742,1775651923877043,12.301,ok
serial_adhoc,1,6,408,1775651924864746,1775651924877742,12.996,ok
serial_adhoc,1,6,409,1775651925864756,1775651925877733,12.977,ok
serial_adhoc,1,6,410,1775651926864730,1775651926877195,12.465,ok
serial_adhoc,1,6,411,1775651927864725,1775651927878021,13.296,ok
serial_adhoc,1,6,412,1775651928864732,1775651928877018,12.286,ok
serial_adhoc,1,6,413,1775651929864750,1775651929877383,12.633,ok
serial_adhoc,1,6,414,1775651930864743,1775651930877300,12.557,ok
serial_adhoc,1,6,415,1775651931864740,1775651931877147,12.407,ok
serial_adhoc,1,6,416,1775651932864715,1775651932877200,12.485,ok
serial_adhoc,1,6,417,1775651933864753,1775651933877293,12.54,ok
serial_adhoc,1,6,418,1775651934864735,1775651934876846,12.111,ok
serial_adhoc,1,6,419,1775651935864748,1775651935877128,12.38,ok
serial_adhoc,1,6,420,1775651936864740,1775651936877055,12.315,ok
serial_adhoc,1,6,421,1775651937864726,1775651937877039,12.313,ok
serial_adhoc,1,6,422,1775651938864724,1775651938877102,12.378,ok
serial_adhoc,1,6,423,1775651939864729,1775651939877421,12.692,ok
serial_adhoc,1,6,424,1775651940864736,1775651940877260,12.524,ok
serial_adhoc,1,6,425,1775651941864744,1775651941877224,12.48,ok
serial_adhoc,1,6,426,1775651942864737,1775651942877071,12.334,ok
serial_adhoc,1,6,427,1775651943864760,1775651943876954,12.194,ok
serial_adhoc,1,6,428,1775651944864745,1775651944877463,12.718,ok
serial_adhoc,1,6,429,1775651945864758,1775651945877260,12.502,ok
serial_adhoc,1,6,430,1775651946864746,1775651946877711,12.965,ok
serial_adhoc,1,6,431,1775651947864774,1775651947876300,11.526,ok
serial_adhoc,1,6,432,1775651948864635,1775651948877163,12.528,ok
serial_adhoc,1,6,433,1775651949864742,1775651949877124,12.382,ok
serial_adhoc,1,6,434,1775651950864637,1775651950876852,12.215,ok
serial_adhoc,1,6,435,1775651951864735,1775651951877125,12.39,ok
serial_adhoc,1,6,436,1775651952864742,1775651952877471,12.729,ok
serial_adhoc,1,6,437,1775651953864760,1775651953877114,12.354,ok
serial_adhoc,1,6,438,1775651954864751,1775651954877580,12.829,ok
serial_adhoc,1,6,439,1775651955864763,1775651955877327,12.564,ok
serial_adhoc,1,6,440,1775651956864731,1775651956876983,12.252,ok
serial_adhoc,1,6,441,1775651957864745,1775651957877188,12.443,ok
serial_adhoc,1,6,442,1775651958864735,1775651958876874,12.139,ok
serial_adhoc,1,6,443,1775651959864724,1775651959877399,12.675,ok
serial_adhoc,1,6,444,1775651960864628,1775651960876012,11.384,ok
serial_adhoc,1,6,445,1775651961864738,1775651961876707,11.969,ok
serial_adhoc,1,6,446,1775651962864741,1775651962877647,12.906,ok
serial_adhoc,1,6,447,1775651963864727,1775651963877035,12.308,ok
serial_adhoc,1,6,448,1775651964864763,1775651964877446,12.683,ok
serial_adhoc,1,6,449,1775651965864731,1775651965877585,12.854,ok
serial_adhoc,1,6,450,1775651966864739,1775651966876844,12.105,ok
serial_adhoc,1,6,451,1775651967864729,1775651967877206,12.477,ok
serial_adhoc,1,6,452,1775651968864711,1775651968877172,12.461,ok
serial_adhoc,1,6,453,1775651969864768,1775651969877394,12.626,ok
serial_adhoc,1,6,454,1775651970864762,1775651970876802,12.04,ok
serial_adhoc,1,6,455,1775651971864749,1775651971876958,12.209,ok
serial_adhoc,1,6,456,1775651972864733,1775651972876903,12.17,ok
serial_adhoc,1,6,457,1775651973864737,1775651973877247,12.51,ok
serial_adhoc,1,6,458,1775651974864756,1775651974876932,12.176,ok
serial_adhoc,1,6,459,1775651975864745,1775651975877096,12.351,ok
serial_adhoc,1,6,460,1775651976864750,1775651976877273,12.523,ok
serial_adhoc,1,6,461,1775651977864713,1775651977877404,12.691,ok
serial_adhoc,1,6,462,1775651978864709,1775651978877281,12.572,ok
serial_adhoc,1,6,463,1775651979864707,1775651979876823,12.116,ok
serial_adhoc,1,6,464,1775651980864719,1775651980877009,12.29,ok
serial_adhoc,1,6,465,1775651981864632,1775651981876119,11.487,ok
serial_adhoc,1,6,466,1775651982864724,1775651982877335,12.611,ok
serial_adhoc,1,6,467,1775651983864725,1775651983876841,12.116,ok
serial_adhoc,1,6,468,1775651984864746,1775651984877143,12.397,ok
serial_adhoc,1,6,469,1775651985864730,1775651985876745,12.015,ok
serial_adhoc,1,6,470,1775651986864702,1775651986876468,11.766,ok
serial_adhoc,1,6,471,1775651987864650,1775651987877427,12.777,ok
serial_adhoc,1,6,472,1775651988864730,1775651988877018,12.288,ok
serial_adhoc,1,6,473,1775651989864717,1775651989878758,14.041,ok
serial_adhoc,1,6,474,1775651990864713,1775651990876786,12.073,ok
serial_adhoc,1,6,475,1775651991864659,1775651991878263,13.604,ok
serial_adhoc,1,6,476,1775651992864716,1775651992877236,12.52,ok
serial_adhoc,1,6,477,1775651993864711,1775651993876938,12.227,ok
serial_adhoc,1,6,478,1775651994864714,1775651994877152,12.438,ok
serial_adhoc,1,6,479,1775651995864728,1775651995876930,12.202,ok
serial_adhoc,1,6,480,1775651996864736,1775651996877318,12.582,ok
serial_adhoc,1,6,481,1775651997864747,1775651997877304,12.557,ok
serial_adhoc,1,6,482,1775651998864744,1775651998876844,12.1,ok
serial_adhoc,1,6,483,1775651999864736,1775651999877425,12.689,ok
serial_adhoc,1,6,484,1775652000864751,1775652000877107,12.356,ok
serial_adhoc,1,6,485,1775652001864731,1775652001877183,12.452,ok
serial_adhoc,1,6,486,1775652002864731,1775652002876852,12.121,ok
serial_adhoc,1,6,487,1775652003864725,1775652003877107,12.382,ok
serial_adhoc,1,6,488,1775652004864746,1775652004877301,12.555,ok
serial_adhoc,1,6,489,1775652005864733,1775652005877498,12.765,ok
serial_adhoc,1,6,490,1775652006864744,1775652006876871,12.127,ok
serial_adhoc,1,6,491,1775652007864747,1775652007877205,12.458,ok
serial_adhoc,1,6,492,1775652008864735,1775652008877119,12.384,ok
serial_adhoc,1,6,493,1775652009864739,1775652009876540,11.801,ok
serial_adhoc,1,6,494,1775652010864736,1775652010877516,12.78,ok
serial_adhoc,1,6,495,1775652011864753,1775652011877394,12.641,ok
serial_adhoc,1,6,496,1775652012864732,1775652012877297,12.565,ok
serial_adhoc,1,6,497,1775652013864741,1775652013877049,12.308,ok
serial_adhoc,1,6,498,1775652014864736,1775652014876985,12.249,ok
serial_adhoc,1,6,499,1775652015864761,1775652015876650,11.889,ok
serial_adhoc,1,6,500,1775652016864737,1775652016876820,12.083,ok
serial_adhoc,1,6,501,1775652017864745,1775652017877266,12.521,ok
serial_adhoc,1,6,502,1775652018864730,1775652018877236,12.506,ok
serial_adhoc,1,6,503,1775652019864748,1775652019878202,13.454,ok
serial_adhoc,1,6,504,1775652020864740,1775652020877385,12.645,ok
serial_adhoc,1,6,505,1775652021864744,1775652021877321,12.577,ok
serial_adhoc,1,6,506,1775652022864738,1775652022877510,12.772,ok
serial_adhoc,1,6,507,1775652023864736,1775652023877437,12.701,ok
serial_adhoc,1,6,508,1775652024864739,1775652024877155,12.416,ok
serial_adhoc,1,6,509,1775652025864746,1775652025877614,12.868,ok
serial_adhoc,1,6,510,1775652026864766,1775652026877203,12.437,ok
serial_adhoc,1,6,511,1775652027864716,1775652027877613,12.897,ok
serial_adhoc,1,6,512,1775652028864752,1775652028877492,12.74,ok
serial_adhoc,1,6,513,1775652029864726,1775652029876903,12.177,ok
serial_adhoc,1,6,514,1775652030864730,1775652030876881,12.151,ok
serial_adhoc,1,6,515,1775652031864730,1775652031877340,12.61,ok
serial_adhoc,1,6,516,1775652032864752,1775652032877469,12.717,ok
serial_adhoc,1,6,517,1775652033864740,1775652033877387,12.647,ok
serial_adhoc,1,6,518,1775652034864726,1775652034877195,12.469,ok
serial_adhoc,1,6,519,1775652035864702,1775652035877315,12.613,ok
serial_adhoc,1,6,520,1775652036864759,1775652036877461,12.702,ok
serial_adhoc,1,6,521,1775652037864735,1775652037876894,12.159,ok
serial_adhoc,1,6,522,1775652038864712,1775652038877310,12.598,ok
serial_adhoc,1,6,523,1775652039864732,1775652039877196,12.464,ok
serial_adhoc,1,6,524,1775652040864736,1775652040877185,12.449,ok
serial_adhoc,1,6,525,1775652041864742,1775652041877252,12.51,ok
serial_adhoc,1,6,526,1775652042864707,1775652042877261,12.554,ok
serial_adhoc,1,6,527,1775652043864727,1775652043876139,11.412,ok
serial_adhoc,1,6,528,1775652044864726,1775652044877257,12.531,ok
serial_adhoc,1,6,529,1775652045864743,1775652045876833,12.09,ok
serial_adhoc,1,6,530,1775652046864784,1775652046876870,12.086,ok
serial_adhoc,1,6,531,1775652047864745,1775652047877065,12.32,ok
serial_adhoc,1,6,532,1775652048864743,1775652048877300,12.557,ok
serial_adhoc,1,6,533,1775652049864738,1775652049877335,12.597,ok
serial_adhoc,1,6,534,1775652050864727,1775652050877171,12.444,ok
serial_adhoc,1,6,535,1775652051864733,1775652051876835,12.102,ok
serial_adhoc,1,6,536,1775652052864747,1775652052877325,12.578,ok
serial_adhoc,1,6,537,1775652053864736,1775652053877300,12.564,ok
serial_adhoc,1,6,538,1775652054864743,1775652054877225,12.482,ok
serial_adhoc,1,6,539,1775652055864700,1775652055876851,12.151,ok
serial_adhoc,1,6,540,1775652056864744,1775652056877007,12.263,ok
serial_adhoc,1,6,541,1775652057864725,1775652057876965,12.24,ok
serial_adhoc,1,6,542,1775652058864733,1775652058877164,12.431,ok
serial_adhoc,1,6,543,1775652059864755,1775652059877463,12.708,ok
serial_adhoc,1,6,544,1775652060864763,1775652060877547,12.784,ok
serial_adhoc,1,6,545,1775652061864738,1775652061877173,12.435,ok
serial_adhoc,1,6,546,1775652062864733,1775652062877154,12.421,ok
serial_adhoc,1,6,547,1775652063864741,1775652063877316,12.575,ok
serial_adhoc,1,6,548,1775652064864739,1775652064876912,12.173,ok
serial_adhoc,1,6,549,1775652065864717,1775652065877322,12.605,ok
serial_adhoc,1,6,550,1775652066864703,1775652066877247,12.544,ok
serial_adhoc,1,6,551,1775652067864717,1775652067877275,12.558,ok
serial_adhoc,1,6,552,1775652068864704,1775652068877253,12.549,ok
serial_adhoc,1,6,553,1775652069864697,1775652069877261,12.564,ok
serial_adhoc,1,6,554,1775652070864738,1775652070877260,12.522,ok
serial_adhoc,1,6,555,1775652071864715,1775652071877263,12.548,ok
serial_adhoc,1,6,556,1775652072864727,1775652072877222,12.495,ok
serial_adhoc,1,6,557,1775652073864727,1775652073877168,12.441,ok
serial_adhoc,1,6,558,1775652074864727,1775652074877280,12.553,ok
serial_adhoc,1,6,559,1775652075864734,1775652075877267,12.533,ok
serial_adhoc,1,6,560,1775652076864654,1775652076877264,12.61,ok
serial_adhoc,1,6,561,1775652077864707,1775652077876777,12.07,ok
serial_adhoc,1,6,562,1775652078864713,1775652078877145,12.432,ok
serial_adhoc,1,6,563,1775652079864746,1775652079877311,12.565,ok
serial_adhoc,1,6,564,1775652080864709,1775652080877127,12.418,ok
serial_adhoc,1,6,565,1775652081864714,1775652081877012,12.298,ok
serial_adhoc,1,6,566,1775652082864729,1775652082877254,12.525,ok
serial_adhoc,1,6,567,1775652083864728,1775652083876900,12.172,ok
serial_adhoc,1,6,568,1775652084864741,1775652084877426,12.685,ok
serial_adhoc,1,6,569,1775652085864733,1775652085877043,12.31,ok
serial_adhoc,1,6,570,1775652086864740,1775652086876729,11.989,ok
serial_adhoc,1,6,571,1775652087864739,1775652087877233,12.494,ok
serial_adhoc,1,6,572,1775652088864736,1775652088877031,12.295,ok
serial_adhoc,1,6,573,1775652089864659,1775652089877035,12.376,ok
serial_adhoc,1,6,574,1775652090864737,1775652090876681,11.944,ok
serial_adhoc,1,6,575,1775652091864728,1775652091877445,12.717,ok
serial_adhoc,1,6,576,1775652092864736,1775652092877365,12.629,ok
serial_adhoc,1,6,577,1775652093864745,1775652093877426,12.681,ok
serial_adhoc,1,6,578,1775652094864706,1775652094876655,11.949,ok
serial_adhoc,1,6,579,1775652095864751,1775652095877395,12.644,ok
serial_adhoc,1,6,580,1775652096864737,1775652096877134,12.397,ok
serial_adhoc,1,6,581,1775652097864733,1775652097877272,12.539,ok
serial_adhoc,1,6,582,1775652098864736,1775652098877254,12.518,ok
serial_adhoc,1,6,583,1775652099864728,1775652099877057,12.329,ok
serial_adhoc,1,6,584,1775652100864661,1775652100876659,11.998,ok
serial_adhoc,1,6,585,1775652101864732,1775652101877153,12.421,ok
serial_adhoc,1,6,586,1775652102864726,1775652102876857,12.131,ok
serial_adhoc,1,6,587,1775652103864700,1775652103877476,12.776,ok
serial_adhoc,1,6,588,1775652104864750,1775652104876965,12.215,ok
serial_adhoc,1,6,589,1775652105864722,1775652105877308,12.586,ok
serial_adhoc,1,6,590,1775652106864637,1775652106877218,12.581,ok
serial_adhoc,1,6,591,1775652107864746,1775652107876585,11.839,ok
serial_adhoc,1,6,592,1775652108864739,1775652108877497,12.758,ok
serial_adhoc,1,6,593,1775652109864752,1775652109876876,12.124,ok
serial_adhoc,1,6,594,1775652110864720,1775652110876879,12.159,ok
serial_adhoc,1,6,595,1775652111864739,1775652111876658,11.919,ok
serial_adhoc,1,6,596,1775652112864739,1775652112877093,12.354,ok
serial_adhoc,1,6,597,1775652113864731,1775652113876852,12.121,ok
serial_adhoc,1,6,598,1775652114864741,1775652114877234,12.493,ok
serial_adhoc,1,6,599,1775652115864701,1775652115876857,12.156,ok
serial_adhoc,1,6,600,1775652116864738,1775652116876863,12.125,ok
serial_adhoc,1,6,601,1775652117864732,1775652117877534,12.802,ok
serial_adhoc,1,6,602,1775652118864738,1775652118876847,12.109,ok
serial_adhoc,1,6,603,1775652119864662,1775652119876270,11.608,ok
serial_adhoc,1,6,604,1775652120864744,1775652120877149,12.405,ok
serial_adhoc,1,6,605,1775652121864732,1775652121877210,12.478,ok
serial_adhoc,1,6,606,1775652122864712,1775652122877254,12.542,ok
serial_adhoc,1,6,607,1775652123864766,1775652123877716,12.95,ok
serial_adhoc,1,6,608,1775652124864765,1775652124877529,12.764,ok
serial_adhoc,1,6,609,1775652125864744,1775652125877385,12.641,ok
serial_adhoc,1,6,610,1775652126864736,1775652126877094,12.358,ok
serial_adhoc,1,6,611,1775652127864753,1775652127876996,12.243,ok
serial_adhoc,1,6,612,1775652128864746,1775652128876784,12.038,ok
serial_adhoc,1,6,613,1775652129864730,1775652129876743,12.013,ok
serial_adhoc,1,6,614,1775652130864734,1775652130876899,12.165,ok
serial_adhoc,1,6,615,1775652131864727,1775652131877155,12.428,ok
serial_adhoc,1,6,616,1775652132864726,1775652132877084,12.358,ok
serial_adhoc,1,6,617,1775652133864734,1775652133877123,12.389,ok
serial_adhoc,1,6,618,1775652134864746,1775652134876589,11.843,ok
serial_adhoc,1,6,619,1775652135864731,1775652135876853,12.122,ok
serial_adhoc,1,6,620,1775652136864746,1775652136877268,12.522,ok
serial_adhoc,1,6,621,1775652137864746,1775652137876970,12.224,ok
serial_adhoc,1,6,622,1775652138864708,1775652138876912,12.204,ok
serial_adhoc,1,6,623,1775652139864743,1775652139877396,12.653,ok
serial_adhoc,1,6,624,1775652140864722,1775652140876403,11.681,ok
serial_adhoc,1,6,625,1775652141864742,1775652141876881,12.139,ok
serial_adhoc,1,6,626,1775652142864745,1775652142877180,12.435,ok
serial_adhoc,1,6,627,1775652143864725,1775652143876866,12.141,ok
serial_adhoc,1,6,628,1775652144864743,1775652144877158,12.415,ok
serial_adhoc,1,6,629,1775652145864759,1775652145876864,12.105,ok
serial_adhoc,1,6,630,1775652146864737,1775652146877250,12.513,ok
serial_adhoc,1,6,631,1775652147864744,1775652147877242,12.498,ok
serial_adhoc,1,6,632,1775652148864748,1775652148877094,12.346,ok
serial_adhoc,1,6,633,1775652149864731,1775652149877383,12.652,ok
serial_adhoc,1,6,634,1775652150864753,1775652150877008,12.255,ok
serial_adhoc,1,6,635,1775652151864753,1775652151877315,12.562,ok
serial_adhoc,1,6,636,1775652152864743,1775652152877354,12.611,ok
serial_adhoc,1,6,637,1775652153864711,1775652153877361,12.65,ok
serial_adhoc,1,6,638,1775652154864711,1775652154877197,12.486,ok
serial_adhoc,1,6,639,1775652155864719,1775652155876939,12.22,ok
serial_adhoc,1,6,640,1775652156864724,1775652156876360,11.636,ok
serial_adhoc,1,6,641,1775652157864705,1775652157876051,11.346,ok
serial_adhoc,1,6,642,1775652158864724,1775652158876946,12.222,ok
serial_adhoc,1,6,643,1775652159864725,1775652159877457,12.732,ok
serial_adhoc,1,6,644,1775652160864724,1775652160877192,12.468,ok
serial_adhoc,1,6,645,1775652161864697,1775652161877004,12.307,ok
serial_adhoc,1,6,646,1775652162864639,1775652162876625,11.986,ok
serial_adhoc,1,6,647,1775652163864749,1775652163877274,12.525,ok
serial_adhoc,1,6,648,1775652164864707,1775652164876996,12.289,ok
serial_adhoc,1,6,649,1775652165864754,1775652165876896,12.142,ok
serial_adhoc,1,6,650,1775652166864699,1775652166877246,12.547,ok
serial_adhoc,1,6,651,1775652167864931,1775652167877720,12.789,ok
serial_adhoc,1,6,652,1775652168864715,1775652168877406,12.691,ok
serial_adhoc,1,6,653,1775652169864717,1775652169877267,12.55,ok
serial_adhoc,1,6,654,1775652170864720,1775652170877327,12.607,ok
serial_adhoc,1,6,655,1775652171864737,1775652171877182,12.445,ok
serial_adhoc,1,6,656,1775652172864726,1775652172877132,12.406,ok
serial_adhoc,1,6,657,1775652173864734,1775652173877207,12.473,ok
serial_adhoc,1,6,658,1775652174864729,1775652174877197,12.468,ok
serial_adhoc,1,6,659,1775652175864705,1775652175877296,12.591,ok
serial_adhoc,1,6,660,1775652176864742,1775652176877259,12.517,ok
serial_adhoc,1,6,661,1775652177864714,1775652177876591,11.877,ok
serial_adhoc,1,6,662,1775652178864741,1775652178877344,12.603,ok
serial_adhoc,1,6,663,1775652179864750,1775652179877543,12.793,ok
serial_adhoc,1,6,664,1775652180864731,1775652180877307,12.576,ok
serial_adhoc,1,6,665,1775652181864709,1775652181876385,11.676,ok
serial_adhoc,1,6,666,1775652182864736,1775652182876903,12.167,ok
serial_adhoc,1,6,667,1775652183864726,1775652183877377,12.651,ok
serial_adhoc,1,6,668,1775652184864744,1775652184877352,12.608,ok
serial_adhoc,1,6,669,1775652185864710,1775652185877101,12.391,ok
serial_adhoc,1,6,670,1775652186864728,1775652186877249,12.521,ok
serial_adhoc,1,6,671,1775652187864726,1775652187877293,12.567,ok
serial_adhoc,1,6,672,1775652188864740,1775652188877512,12.772,ok
serial_adhoc,1,6,673,1775652189864989,1775652189877002,12.013,ok
serial_adhoc,1,6,674,1775652190864735,1775652190876833,12.098,ok
serial_adhoc,1,6,675,1775652191864735,1775652191877214,12.479,ok
serial_adhoc,1,6,676,1775652192864701,1775652192876763,12.062,ok
serial_adhoc,1,6,677,1775652193864732,1775652193877293,12.561,ok
serial_adhoc,1,6,678,1775652194864741,1775652194877029,12.288,ok
serial_adhoc,1,6,679,1775652195864758,1775652195876966,12.208,ok
serial_adhoc,1,6,680,1775652196864692,1775652196876939,12.247,ok
serial_adhoc,1,6,681,1775652197864747,1775652197877241,12.494,ok
serial_adhoc,1,6,682,1775652198864757,1775652198877743,12.986,ok
serial_adhoc,1,6,683,1775652199864738,1775652199877415,12.677,ok
serial_adhoc,1,6,684,1775652200864757,1775652200878169,13.412,ok
serial_adhoc,1,6,685,1775652201864754,1775652201877052,12.298,ok
serial_adhoc,1,6,686,1775652202864735,1775652202877032,12.297,ok
serial_adhoc,1,6,687,1775652203864758,1775652203877125,12.367,ok
serial_adhoc,1,6,688,1775652204864748,1775652204876780,12.032,ok
serial_adhoc,1,6,689,1775652205864749,1775652205877019,12.27,ok
serial_adhoc,1,6,690,1775652206864732,1775652206877355,12.623,ok
serial_adhoc,1,6,691,1775652207864740,1775652207876960,12.22,ok
serial_adhoc,1,6,692,1775652208864756,1775652208877254,12.498,ok
serial_adhoc,1,6,693,1775652209864692,1775652209877866,13.174,ok
serial_adhoc,1,6,694,1775652210864726,1775652210877173,12.447,ok
serial_adhoc,1,6,695,1775652211864730,1775652211876893,12.163,ok
serial_adhoc,1,6,696,1775652212864754,1775652212876516,11.762,ok
serial_adhoc,1,6,697,1775652213864710,1775652213877131,12.421,ok
serial_adhoc,1,6,698,1775652214864750,1775652214877082,12.332,ok
serial_adhoc,1,6,699,1775652215864771,1775652215877277,12.506,ok
serial_adhoc,1,6,700,1775652216864728,1775652216876579,11.851,ok
serial_adhoc,1,6,701,1775652217864750,1775652217877157,12.407,ok
serial_adhoc,1,6,702,1775652218864735,1775652218877199,12.464,ok
serial_adhoc,1,6,703,1775652219864759,1775652219877292,12.533,ok
serial_adhoc,1,6,704,1775652220864751,1775652220877544,12.793,ok
serial_adhoc,1,6,705,1775652221864712,1775652221878496,13.784,ok
serial_adhoc,1,6,706,1775652222864749,1775652222877251,12.502,ok
serial_adhoc,1,6,707,1775652223864747,1775652223877302,12.555,ok
serial_adhoc,1,6,708,1775652224864748,1775652224877222,12.474,ok
serial_adhoc,1,6,709,1775652225864750,1775652225877697,12.947,ok
serial_adhoc,1,6,710,1775652226864749,1775652226877090,12.341,ok
serial_adhoc,1,6,711,1775652227864731,1775652227877487,12.756,ok
serial_adhoc,1,6,712,1775652228864720,1775652228877958,13.238,ok
serial_adhoc,1,6,713,1775652229864743,1775652229877513,12.77,ok
serial_adhoc,1,6,714,1775652230864732,1775652230876973,12.241,ok
serial_adhoc,1,6,715,1775652231864740,1775652231877530,12.79,ok
serial_adhoc,1,6,716,1775652232864685,1775652232877129,12.444,ok
serial_adhoc,1,6,717,1775652233864697,1775652233877156,12.459,ok
serial_adhoc,1,6,718,1775652234864758,1775652234877369,12.611,ok
serial_adhoc,1,6,719,1775652235864755,1775652235876904,12.149,ok
serial_adhoc,1,6,720,1775652236864739,1775652236877041,12.302,ok
serial_adhoc,1,6,721,1775652237864746,1775652237876965,12.219,ok
serial_adhoc,1,6,722,1775652238864745,1775652238877015,12.27,ok
serial_adhoc,1,6,723,1775652239864654,1775652239877159,12.505,ok
serial_adhoc,1,6,724,1775652240864728,1775652240877165,12.437,ok
serial_adhoc,1,6,725,1775652241864700,1775652241876748,12.048,ok
serial_adhoc,1,6,726,1775652242864740,1775652242877316,12.576,ok
serial_adhoc,1,6,727,1775652243864737,1775652243877063,12.326,ok
serial_adhoc,1,6,728,1775652244864706,1775652244877234,12.528,ok
serial_adhoc,1,6,729,1775652245864701,1775652245877392,12.691,ok
serial_adhoc,1,6,730,1775652246864729,1775652246876948,12.219,ok
serial_adhoc,1,6,731,1775652247864710,1775652247877212,12.502,ok
serial_adhoc,1,6,732,1775652248864639,1775652248877188,12.549,ok
serial_adhoc,1,6,733,1775652249864720,1775652249877780,13.06,ok
serial_adhoc,1,6,734,1775652250864754,1775652250877339,12.585,ok
serial_adhoc,1,6,735,1775652251864736,1775652251876832,12.096,ok
serial_adhoc,1,6,736,1775652252864758,1775652252877128,12.37,ok
serial_adhoc,1,6,737,1775652253864710,1775652253876945,12.235,ok
serial_adhoc,1,6,738,1775652254864744,1775652254877638,12.894,ok
serial_adhoc,1,6,739,1775652255864719,1775652255876881,12.162,ok
serial_adhoc,1,6,740,1775652256864711,1775652256876926,12.215,ok
serial_adhoc,1,6,741,1775652257864711,1775652257876863,12.152,ok
serial_adhoc,1,6,742,1775652258864715,1775652258877301,12.586,ok
serial_adhoc,1,6,743,1775652259864752,1775652259877367,12.615,ok
serial_adhoc,1,6,744,1775652260864732,1775652260877207,12.475,ok
serial_adhoc,1,6,745,1775652261864705,1775652261877208,12.503,ok
serial_adhoc,1,6,746,1775652262864756,1775652262877322,12.566,ok
serial_adhoc,1,6,747,1775652263864734,1775652263877256,12.522,ok
serial_adhoc,1,6,748,1775652264864738,1775652264876654,11.916,ok
serial_adhoc,1,6,749,1775652265864730,1775652265876931,12.201,ok
serial_adhoc,1,6,750,1775652266864744,1775652266876744,12.0,ok
serial_adhoc,1,6,751,1775652267864734,1775652267877402,12.668,ok
serial_adhoc,1,6,752,1775652268864712,1775652268878648,13.936,ok
serial_adhoc,1,6,753,1775652269864728,1775652269877307,12.579,ok
serial_adhoc,1,6,754,1775652270864732,1775652270876836,12.104,ok
serial_adhoc,1,6,755,1775652271864728,1775652271877308,12.58,ok
serial_adhoc,1,6,756,1775652272864734,1775652272877240,12.506,ok
serial_adhoc,1,6,757,1775652273864733,1775652273877133,12.4,ok
serial_adhoc,1,6,758,1775652274864730,1775652274877325,12.595,ok
serial_adhoc,1,6,759,1775652275864730,1775652275876883,12.153,ok
serial_adhoc,1,6,760,1775652276864705,1775652276876990,12.285,ok
serial_adhoc,1,6,761,1775652277864734,1775652277877349,12.615,ok
serial_adhoc,1,6,762,1775652278864753,1775652278877096,12.343,ok
serial_adhoc,1,6,763,1775652279864757,1775652279877455,12.698,ok
serial_adhoc,1,6,764,1775652280864751,1775652280876910,12.159,ok
serial_adhoc,1,6,765,1775652281864738,1775652281877179,12.441,ok
serial_adhoc,1,6,766,1775652282864753,1775652282876995,12.242,ok
serial_adhoc,1,6,767,1775652283864735,1775652283876951,12.216,ok
serial_adhoc,1,6,768,1775652284864742,1775652284877337,12.595,ok
serial_adhoc,1,6,769,1775652285864972,1775652285877415,12.443,ok
serial_adhoc,1,6,770,1775652286864733,1775652286876890,12.157,ok
serial_adhoc,1,6,771,1775652287864733,1775652287877129,12.396,ok
serial_adhoc,1,6,772,1775652288864726,1775652288877281,12.555,ok
serial_adhoc,1,6,773,1775652289864736,1775652289877319,12.583,ok
serial_adhoc,1,6,774,1775652290864729,1775652290876789,12.06,ok
serial_adhoc,1,6,775,1775652291864741,1775652291876905,12.164,ok
serial_adhoc,1,6,776,1775652292864735,1775652292877150,12.415,ok
serial_adhoc,1,6,777,1775652293864738,1775652293877233,12.495,ok
serial_adhoc,1,6,778,1775652294864713,1775652294876910,12.197,ok
serial_adhoc,1,6,779,1775652295864767,1775652295877237,12.47,ok
serial_adhoc,1,6,780,1775652296864719,1775652296876881,12.162,ok
serial_adhoc,1,6,781,1775652297864727,1775652297877040,12.313,ok
serial_adhoc,1,6,782,1775652298864718,1775652298876082,11.364,ok
serial_adhoc,1,6,783,1775652299864753,1775652299877237,12.484,ok
serial_adhoc,1,6,784,1775652300864747,1775652300877134,12.387,ok
serial_adhoc,1,6,785,1775652301864760,1775652301877252,12.492,ok
serial_adhoc,1,6,786,1775652302864692,1775652302877432,12.74,ok
serial_adhoc,1,6,787,1775652303864733,1775652303877236,12.503,ok
serial_adhoc,1,6,788,1775652304864750,1775652304877306,12.556,ok
serial_adhoc,1,6,789,1775652305864733,1775652305877147,12.414,ok
serial_adhoc,1,6,790,1775652306864744,1775652306877145,12.401,ok
serial_adhoc,1,6,791,1775652307864741,1775652307877221,12.48,ok
serial_adhoc,1,6,792,1775652308864731,1775652308877106,12.375,ok
serial_adhoc,1,6,793,1775652309864738,1775652309877846,13.108,ok
serial_adhoc,1,6,794,1775652310864723,1775652310876869,12.146,ok
serial_adhoc,1,6,795,1775652311864758,1775652311877262,12.504,ok
serial_adhoc,1,6,796,1775652312864729,1775652312877268,12.539,ok
serial_adhoc,1,6,797,1775652313864741,1775652313877409,12.668,ok
serial_adhoc,1,6,798,1775652314864733,1775652314877234,12.501,ok
serial_adhoc,1,6,799,1775652315864756,1775652315877421,12.665,ok
serial_adhoc,1,6,800,1775652316864747,1775652316878597,13.85,ok
serial_adhoc,1,6,801,1775652317864737,1775652317877291,12.554,ok
serial_adhoc,1,6,802,1775652318864743,1775652318878124,13.381,ok
serial_adhoc,1,6,803,1775652319864748,1775652319877934,13.186,ok
serial_adhoc,1,6,804,1775652320864656,1775652320877927,13.271,ok
serial_adhoc,1,6,805,1775652321864728,1775652321877468,12.74,ok
serial_adhoc,1,6,806,1775652322864744,1775652322877298,12.554,ok
serial_adhoc,1,6,807,1775652323864946,1775652323877132,12.186,ok
serial_adhoc,1,6,808,1775652324864738,1775652324877210,12.472,ok
serial_adhoc,1,6,809,1775652325864753,1775652325877720,12.967,ok
serial_adhoc,1,6,810,1775652326864745,1775652326878090,13.345,ok
serial_adhoc,1,6,811,1775652327864751,1775652327877713,12.962,ok
serial_adhoc,1,6,812,1775652328864744,1775652328877733,12.989,ok
serial_adhoc,1,6,813,1775652329864759,1775652329876875,12.116,ok
serial_adhoc,1,6,814,1775652330864763,1775652330877419,12.656,ok
serial_adhoc,1,6,815,1775652331864746,1775652331877486,12.74,ok
serial_adhoc,1,6,816,1775652332864691,1775652332876052,11.361,ok
serial_adhoc,1,6,817,1775652333864753,1775652333877120,12.367,ok
serial_adhoc,1,6,818,1775652334864723,1775652334877254,12.531,ok
serial_adhoc,1,6,819,1775652335864708,1775652335876652,11.944,ok
serial_adhoc,1,6,820,1775652336864730,1775652336877279,12.549,ok
serial_adhoc,1,6,821,1775652337864707,1775652337877284,12.577,ok
serial_adhoc,1,6,822,1775652338864708,1775652338877008,12.3,ok
serial_adhoc,1,6,823,1775652339864646,1775652339877145,12.499,ok
serial_adhoc,1,6,824,1775652340864977,1775652340877312,12.335,ok
serial_adhoc,1,6,825,1775652341864719,1775652341876743,12.024,ok
serial_adhoc,1,6,826,1775652342864749,1775652342876926,12.177,ok
serial_adhoc,1,6,827,1775652343864714,1775652343877165,12.451,ok
serial_adhoc,1,6,828,1775652344864709,1775652344877271,12.562,ok
serial_adhoc,1,6,829,1775652345864744,1775652345877352,12.608,ok
serial_adhoc,1,6,830,1775652346864650,1775652346876599,11.949,ok
serial_adhoc,1,6,831,1775652347864728,1775652347877284,12.556,ok
serial_adhoc,1,6,832,1775652348864712,1775652348877059,12.347,ok
serial_adhoc,1,6,833,1775652349864732,1775652349877526,12.794,ok
serial_adhoc,1,6,834,1775652350864697,1775652350876480,11.783,ok
serial_adhoc,1,6,835,1775652351864727,1775652351877228,12.501,ok
serial_adhoc,1,6,836,1775652352864727,1775652352876837,12.11,ok
serial_adhoc,1,6,837,1775652353864703,1775652353875943,11.24,ok
serial_adhoc,1,6,838,1775652354864743,1775652354877336,12.593,ok
serial_adhoc,1,6,839,1775652355864723,1775652355877180,12.457,ok
serial_adhoc,1,6,840,1775652356864753,1775652356877152,12.399,ok
serial_adhoc,1,6,841,1775652357864727,1775652357877346,12.619,ok
serial_adhoc,1,6,842,1775652358864727,1775652358876745,12.018,ok
serial_adhoc,1,6,843,1775652359864724,1775652359877497,12.773,ok
serial_adhoc,1,6,844,1775652360864695,1775652360876339,11.644,ok
serial_adhoc,1,6,845,1775652361864735,1775652361877275,12.54,ok
serial_adhoc,1,6,846,1775652362864729,1775652362877457,12.728,ok
serial_adhoc,1,6,847,1775652363864756,1775652363876660,11.904,ok
serial_adhoc,1,6,848,1775652364864913,1775652364877491,12.578,ok
serial_adhoc,1,6,849,1775652365864757,1775652365877424,12.667,ok
serial_adhoc,1,6,850,1775652366864749,1775652366876841,12.092,ok
serial_adhoc,1,6,851,1775652367864750,1775652367877294,12.544,ok
serial_adhoc,1,6,852,1775652368864736,1775652368877325,12.589,ok
serial_adhoc,1,6,853,1775652369864727,1775652369876802,12.075,ok
serial_adhoc,1,6,854,1775652370864727,1775652370876917,12.19,ok
serial_adhoc,1,6,855,1775652371864737,1775652371877226,12.489,ok
serial_adhoc,1,6,856,1775652372864736,1775652372877594,12.858,ok
serial_adhoc,1,6,857,1775652373864754,1775652373877268,12.514,ok
serial_adhoc,1,6,858,1775652374864736,1775652374877175,12.439,ok
serial_adhoc,1,6,859,1775652375864746,1775652375876860,12.114,ok
serial_adhoc,1,6,860,1775652376864730,1775652376877287,12.557,ok
serial_adhoc,1,6,861,1775652377864729,1775652377877362,12.633,ok
serial_adhoc,1,6,862,1775652378864736,1775652378876905,12.169,ok
serial_adhoc,1,6,863,1775652379864738,1775652379877086,12.348,ok
serial_adhoc,1,6,864,1775652380864733,1775652380877709,12.976,ok
serial_adhoc,1,6,865,1775652381864726,1775652381876779,12.053,ok
serial_adhoc,1,6,866,1775652382864757,1775652382877353,12.596,ok
serial_adhoc,1,6,867,1775652383864726,1775652383877171,12.445,ok
serial_adhoc,1,6,868,1775652384864706,1775652384876916,12.21,ok
serial_adhoc,1,6,869,1775652385864731,1775652385877274,12.543,ok
serial_adhoc,1,6,870,1775652386864727,1775652386877375,12.648,ok
serial_adhoc,1,6,871,1775652387864730,1775652387877351,12.621,ok
serial_adhoc,1,6,872,1775652388864743,1775652388876976,12.233,ok
serial_adhoc,1,6,873,1775652389864726,1775652389877337,12.611,ok
serial_adhoc,1,6,874,1775652390864754,1775652390876865,12.111,ok
serial_adhoc,1,6,875,1775652391864728,1775652391877181,12.453,ok
serial_adhoc,1,6,876,1775652392864738,1775652392876427,11.689,ok
serial_adhoc,1,6,877,1775652393864741,1775652393877141,12.4,ok
serial_adhoc,1,6,878,1775652394864744,1775652394877304,12.56,ok
serial_adhoc,1,6,879,1775652395864757,1775652395877056,12.299,ok
serial_adhoc,1,6,880,1775652396864740,1775652396876925,12.185,ok
serial_adhoc,1,6,881,1775652397864738,1775652397876913,12.175,ok
serial_adhoc,1,6,882,1775652398864745,1775652398876403,11.658,ok
serial_adhoc,1,6,883,1775652399864772,1775652399877169,12.397,ok
serial_adhoc,1,6,884,1775652400864729,1775652400877287,12.558,ok
serial_adhoc,1,6,885,1775652401864750,1775652401876585,11.835,ok
serial_adhoc,1,6,886,1775652402864745,1775652402876920,12.175,ok
serial_adhoc,1,6,887,1775652403864741,1775652403876928,12.187,ok
serial_adhoc,1,6,888,1775652404864728,1775652404877076,12.348,ok
serial_adhoc,1,6,889,1775652405864730,1775652405877044,12.314,ok
serial_adhoc,1,6,890,1775652406864737,1775652406876882,12.145,ok
serial_adhoc,1,6,891,1775652407864743,1775652407877249,12.506,ok
serial_adhoc,1,6,892,1775652408864640,1775652408877170,12.53,ok
serial_adhoc,1,6,893,1775652409864726,1775652409877649,12.923,ok
serial_adhoc,1,6,894,1775652410864756,1775652410877108,12.352,ok
serial_adhoc,1,6,895,1775652411864737,1775652411877347,12.61,ok
serial_adhoc,1,6,896,1775652412864722,1775652412877126,12.404,ok
serial_adhoc,1,6,897,1775652413864743,1775652413877369,12.626,ok
serial_adhoc,1,6,898,1775652414864760,1775652414877572,12.812,ok
serial_adhoc,1,6,899,1775652415864748,1775652415877086,12.338,ok
serial_adhoc,1,6,900,1775652416864742,1775652416877896,13.154,ok
serial_adhoc,1,6,901,1775652417864734,1775652417877529,12.795,ok
serial_adhoc,1,6,902,1775652418864753,1775652418877926,13.173,ok
serial_adhoc,1,6,903,1775652419864755,1775652419878580,13.825,ok
serial_adhoc,1,6,904,1775652420864753,1775652420877828,13.075,ok
serial_adhoc,1,6,905,1775652421864742,1775652421876992,12.25,ok
serial_adhoc,1,6,906,1775652422864751,1775652422877223,12.472,ok
serial_adhoc,1,6,907,1775652423864711,1775652423876971,12.26,ok
serial_adhoc,1,6,908,1775652424864761,1775652424877655,12.894,ok
serial_adhoc,1,6,909,1775652425864730,1775652425877159,12.429,ok
serial_adhoc,1,6,910,1775652426864712,1775652426877565,12.853,ok
serial_adhoc,1,6,911,1775652427864738,1775652427877031,12.293,ok
serial_adhoc,1,6,912,1775652428864717,1775652428877538,12.821,ok
serial_adhoc,1,6,913,1775652429864720,1775652429876952,12.232,ok
serial_adhoc,1,6,914,1775652430864704,1775652430877194,12.49,ok
serial_adhoc,1,6,915,1775652431864713,1775652431877374,12.661,ok
serial_adhoc,1,6,916,1775652432864733,1775652432877361,12.628,ok
serial_adhoc,1,6,917,1775652433864732,1775652433877340,12.608,ok
serial_adhoc,1,6,918,1775652434864726,1775652434877112,12.386,ok
serial_adhoc,1,6,919,1775652435864739,1775652435877310,12.571,ok
serial_adhoc,1,6,920,1775652436864733,1775652436877308,12.575,ok
serial_adhoc,1,6,921,1775652437864747,1775652437877024,12.277,ok
serial_adhoc,1,6,922,1775652438864724,1775652438877026,12.302,ok
serial_adhoc,1,6,923,1775652439864751,1775652439877265,12.514,ok
serial_adhoc,1,6,924,1775652440864753,1775652440877305,12.552,ok
serial_adhoc,1,6,925,1775652441864748,1775652441877296,12.548,ok
serial_adhoc,1,6,926,1775652442864733,1775652442877158,12.425,ok
serial_adhoc,1,6,927,1775652443864730,1775652443877013,12.283,ok
serial_adhoc,1,6,928,1775652444864743,1775652444877393,12.65,ok
serial_adhoc,1,6,929,1775652445864954,1775652445877525,12.571,ok
serial_adhoc,1,6,930,1775652446864761,1775652446877286,12.525,ok
serial_adhoc,1,6,931,1775652447864760,1775652447877305,12.545,ok
serial_adhoc,1,6,932,1775652448864759,1775652448876786,12.027,ok
serial_adhoc,1,6,933,1775652449864727,1775652449877384,12.657,ok
serial_adhoc,1,6,934,1775652450864763,1775652450877056,12.293,ok
serial_adhoc,1,6,935,1775652451864726,1775652451877267,12.541,ok
serial_adhoc,1,6,936,1775652452864739,1775652452877380,12.641,ok
serial_adhoc,1,6,937,1775652453864744,1775652453877239,12.495,ok
serial_adhoc,1,6,938,1775652454864728,1775652454876853,12.125,ok
serial_adhoc,1,6,939,1775652455864731,1775652455876913,12.182,ok
serial_adhoc,1,6,940,1775652456864724,1775652456877360,12.636,ok
serial_adhoc,1,6,941,1775652457864711,1775652457877106,12.395,ok
serial_adhoc,1,6,942,1775652458864737,1775652458877295,12.558,ok
serial_adhoc,1,6,943,1775652459864724,1775652459877344,12.62,ok
serial_adhoc,1,6,944,1775652460864737,1775652460877470,12.733,ok
serial_adhoc,1,6,945,1775652461864768,1775652461876265,11.497,ok
serial_adhoc,1,6,946,1775652462864748,1775652462877382,12.634,ok
serial_adhoc,1,6,947,1775652463864720,1775652463877157,12.437,ok
serial_adhoc,1,6,948,1775652464864746,1775652464877199,12.453,ok
serial_adhoc,1,6,949,1775652465864700,1775652465882284,17.584,ok
serial_adhoc,1,6,950,1775652466864933,1775652466877910,12.977,ok
serial_adhoc,1,6,951,1775652467864755,1775652467877445,12.69,ok
serial_adhoc,1,6,952,1775652468864742,1775652468877200,12.458,ok
serial_adhoc,1,6,953,1775652469864702,1775652469876683,11.981,ok
serial_adhoc,1,6,954,1775652470864752,1775652470877612,12.86,ok
serial_adhoc,1,6,955,1775652471864759,1775652471877355,12.596,ok
serial_adhoc,1,6,956,1775652472864726,1775652472876895,12.169,ok
serial_adhoc,1,6,957,1775652473864728,1775652473876973,12.245,ok
serial_adhoc,1,6,958,1775652474864728,1775652474877234,12.506,ok
serial_adhoc,1,6,959,1775652475864751,1775652475877530,12.779,ok
serial_adhoc,1,6,960,1775652476865063,1775652476877496,12.433,ok
serial_adhoc,1,6,961,1775652477864730,1775652477876981,12.251,ok
serial_adhoc,1,6,962,1775652478864736,1775652478877332,12.596,ok
serial_adhoc,1,6,963,1775652479864737,1775652479877464,12.727,ok
serial_adhoc,1,6,964,1775652480864748,1775652480877099,12.351,ok
serial_adhoc,1,6,965,1775652481864727,1775652481876988,12.261,ok
serial_adhoc,1,6,966,1775652482864733,1775652482876871,12.138,ok
serial_adhoc,1,6,967,1775652483864730,1775652483877308,12.578,ok
serial_adhoc,1,6,968,1775652484864742,1775652484877280,12.538,ok
serial_adhoc,1,6,969,1775652485864725,1775652485877829,13.104,ok
serial_adhoc,1,6,970,1775652486864729,1775652486877464,12.735,ok
serial_adhoc,1,6,971,1775652487864730,1775652487877024,12.294,ok
serial_adhoc,1,6,972,1775652488864735,1775652488877190,12.455,ok
serial_adhoc,1,6,973,1775652489864738,1775652489876866,12.128,ok
serial_adhoc,1,6,974,1775652490864713,1775652490877119,12.406,ok
serial_adhoc,1,6,975,1775652491864753,1775652491876789,12.036,ok
serial_adhoc,1,6,976,1775652492864732,1775652492877238,12.506,ok
serial_adhoc,1,6,977,1775652493864726,1775652493876626,11.9,ok
serial_adhoc,1,6,978,1775652494864747,1775652494877393,12.646,ok
serial_adhoc,1,6,979,1775652495864757,1775652495877299,12.542,ok
serial_adhoc,1,6,980,1775652496864730,1775652496877311,12.581,ok
serial_adhoc,1,6,981,1775652497864722,1775652497876037,11.315,ok
serial_adhoc,1,6,982,1775652498864727,1775652498877234,12.507,ok
serial_adhoc,1,6,983,1775652499864728,1775652499877387,12.659,ok
serial_adhoc,1,6,984,1775652500864760,1775652500877211,12.451,ok
serial_adhoc,1,6,985,1775652501864758,1775652501876929,12.171,ok
serial_adhoc,1,6,986,1775652502864647,1775652502877314,12.667,ok
serial_adhoc,1,6,987,1775652503864763,1775652503877479,12.716,ok
serial_adhoc,1,6,988,1775652504864750,1775652504877317,12.567,ok
serial_adhoc,1,6,989,1775652505864727,1775652505876907,12.18,ok
serial_adhoc,1,6,990,1775652506864742,1775652506877174,12.432,ok
serial_adhoc,1,6,991,1775652507864711,1775652507877049,12.338,ok
serial_adhoc,1,6,992,1775652508864723,1775652508876876,12.153,ok
serial_adhoc,1,6,993,1775652509864745,1775652509877264,12.519,ok
serial_adhoc,1,6,994,1775652510864724,1775652510877407,12.683,ok
serial_adhoc,1,6,995,1775652511864737,1775652511877334,12.597,ok
serial_adhoc,1,6,996,1775652512864731,1775652512876948,12.217,ok
serial_adhoc,1,6,997,1775652513864709,1775652513877226,12.517,ok
serial_adhoc,1,6,998,1775652514864716,1775652514876840,12.124,ok
serial_adhoc,1,6,999,1775652515864706,1775652515877128,12.422,ok
serial_adhoc,1,6,1000,1775652516864698,1775652516877900,13.202,ok
