config,frequency_hz,run,send_ts_us,recv_ts_us,rtt_ms,status
wifi_adhoc,100,1,1776651068582349,1776651068606645,24.296,ok
wifi_adhoc,100,1,1776651068592282,1776651068615805,23.523,ok
wifi_adhoc,100,1,1776651068602309,1776651068640732,38.423,ok
wifi_adhoc,100,1,1776651068612306,1776651068641146,28.84,ok
wifi_adhoc,100,1,1776651068622299,1776651068650743,28.444,ok
wifi_adhoc,100,1,1776651068632304,1776651068660701,28.397,ok
wifi_adhoc,100,1,1776651068642289,1776651068672716,30.427,ok
wifi_adhoc,100,1,1776651068652289,1776651068682613,30.324,ok
wifi_adhoc,100,1,1776651068662359,1776651068698282,35.923,ok
wifi_adhoc,100,1,1776651068672302,1776651068709027,36.725,ok
wifi_adhoc,100,1,1776651068682373,1776651068715810,33.437,ok
wifi_adhoc,100,1,1776651068692322,1776651068751765,59.443,ok
wifi_adhoc,100,1,1776651068702293,1776651068752649,50.356,ok
wifi_adhoc,100,1,1776651068712382,1776651068752867,40.485,ok
wifi_adhoc,100,1,1776651068722331,1776651068758686,36.355,ok
wifi_adhoc,100,1,1776651068732316,1776651068785380,53.064,ok
wifi_adhoc,100,1,1776651068742327,1776651068787237,44.91,ok
wifi_adhoc,100,1,1776651068752294,1776651068815109,62.815,ok
wifi_adhoc,100,1,1776651068762461,1776651068844574,82.113,ok
wifi_adhoc,100,1,1776651068772328,1776651068845035,72.707,ok
wifi_adhoc,100,1,1776651068782290,1776651068846184,63.894,ok
wifi_adhoc,100,1,1776651068792306,1776651068846520,54.214,ok
wifi_adhoc,100,1,1776651068802303,1776651068846737,44.434,ok
wifi_adhoc,100,1,1776651068813046,1776651068855995,42.949,ok
wifi_adhoc,100,1,1776651068822300,1776651068865694,43.394,ok
wifi_adhoc,100,1,1776651068832310,1776651068880484,48.174,ok
wifi_adhoc,100,1,1776651068842317,1776651068888546,46.229,ok
wifi_adhoc,100,1,1776651068852419,1776651068898823,46.404,ok
wifi_adhoc,100,1,1776651068862950,1776651068912911,49.961,ok
wifi_adhoc,100,1,1776651068872332,1776651068920620,48.288,ok
wifi_adhoc,100,1,1776651068882401,1776651068931695,49.294,ok
wifi_adhoc,100,1,1776651068892333,1776651068948421,56.088,ok
wifi_adhoc,100,1,1776651068902666,1776651068953005,50.339,ok
wifi_adhoc,100,1,1776651068912329,1776651068964144,51.815,ok
wifi_adhoc,100,1,1776651068922314,1776651068975608,53.294,ok
wifi_adhoc,100,1,1776651068932325,1776651068985597,53.272,ok
wifi_adhoc,100,1,1776651068942347,1776651068999535,57.188,ok
wifi_adhoc,100,1,1776651068952403,1776651069007380,54.977,ok
wifi_adhoc,100,1,1776651068962323,1776651069017375,55.052,ok
wifi_adhoc,100,1,1776651068972317,1776651069029767,57.45,ok
wifi_adhoc,100,1,1776651068982315,1776651069039333,57.018,ok
wifi_adhoc,100,1,1776651068992304,1776651069050895,58.591,ok
wifi_adhoc,100,1,1776651069002319,1776651069062267,59.948,ok
wifi_adhoc,100,1,1776651069032325,1776651069084663,52.338,ok
wifi_adhoc,100,1,1776651069042308,1776651069101192,58.884,ok
wifi_adhoc,100,1,1776651069052783,1776651069105319,52.536,ok
wifi_adhoc,100,1,1776651069062639,1776651069117897,55.258,ok
wifi_adhoc,100,1,1776651069072569,1776651069127328,54.759,ok
wifi_adhoc,100,1,1776651069082319,1776651069142166,59.847,ok
wifi_adhoc,100,1,1776651069092325,1776651069151844,59.519,ok
wifi_adhoc,100,1,1776651069102317,1776651069159514,57.197,ok
wifi_adhoc,100,1,1776651069113032,1776651069171569,58.537,ok
wifi_adhoc,100,1,1776651069132324,1776651069183271,50.947,ok
wifi_adhoc,100,1,1776651069152305,1776651069203626,51.321,ok
wifi_adhoc,100,1,1776651069162320,1776651069220713,58.393,ok
wifi_adhoc,100,1,1776651069172301,1776651069224693,52.392,ok
wifi_adhoc,100,1,1776651069182315,1776651069234498,52.183,ok
wifi_adhoc,100,1,1776651069192364,1776651069252276,59.912,ok
wifi_adhoc,100,1,1776651069202334,1776651069256832,54.498,ok
wifi_adhoc,100,1,1776651069212330,1776651069267768,55.438,ok
wifi_adhoc,100,1,1776651069222346,1776651069281074,58.728,ok
wifi_adhoc,100,1,1776651069232312,1776651069290437,58.125,ok
wifi_adhoc,100,1,1776651069242317,1776651069299584,57.267,ok
wifi_adhoc,100,1,1776651069252627,1776651069311670,59.043,ok
wifi_adhoc,100,1,1776651069262550,1776651069322451,59.901,ok
wifi_adhoc,100,1,1776651069272304,1776651069331598,59.294,ok
wifi_adhoc,100,1,1776651069292358,1776651069341773,49.415,ok
wifi_adhoc,100,1,1776651069302428,1776651069354215,51.787,ok
wifi_adhoc,100,1,1776651069312360,1776651069364080,51.72,ok
wifi_adhoc,100,1,1776651069322319,1776651069374596,52.277,ok
wifi_adhoc,100,1,1776651069332299,1776651069389447,57.148,ok
wifi_adhoc,100,1,1776651069342290,1776651069397299,55.009,ok
wifi_adhoc,100,1,1776651069352292,1776651069407227,54.935,ok
wifi_adhoc,100,1,1776651069362851,1776651069418823,55.972,ok
wifi_adhoc,100,1,1776651069372309,1776651069428563,56.254,ok
wifi_adhoc,100,1,1776651069382338,1776651069439533,57.195,ok
wifi_adhoc,100,1,1776651069392293,1776651069464272,71.979,ok
wifi_adhoc,100,1,1776651069402352,1776651069464470,62.118,ok
wifi_adhoc,100,1,1776651069412301,1776651069471892,59.591,ok
wifi_adhoc,100,1,1776651069422297,1776651069484749,62.452,ok
wifi_adhoc,100,1,1776651069432343,1776651069495606,63.263,ok
wifi_adhoc,100,1,1776651069452298,1776651069505236,52.938,ok
wifi_adhoc,100,1,1776651069462294,1776651069515572,53.278,ok
wifi_adhoc,100,1,1776651069472285,1776651069527779,55.494,ok
wifi_adhoc,100,1,1776651069482321,1776651069538004,55.683,ok
wifi_adhoc,100,1,1776651069492293,1776651069575917,83.624,ok
wifi_adhoc,100,1,1776651069502295,1776651069576145,73.85,ok
wifi_adhoc,100,1,1776651069512508,1776651069576255,63.747,ok
wifi_adhoc,100,1,1776651069522304,1776651069581876,59.572,ok
wifi_adhoc,100,1,1776651069542298,1776651069593349,51.051,ok
wifi_adhoc,100,1,1776651069552297,1776651069603534,51.237,ok
wifi_adhoc,100,1,1776651069562475,1776651069616618,54.143,ok
wifi_adhoc,100,1,1776651069572296,1776651069625931,53.635,ok
wifi_adhoc,100,1,1776651069582276,1776651069635624,53.348,ok
wifi_adhoc,100,1,1776651069592301,1776651069647130,54.829,ok
wifi_adhoc,100,1,1776651069602295,1776651069661567,59.272,ok
wifi_adhoc,100,1,1776651069612293,1776651069667638,55.345,ok
wifi_adhoc,100,1,1776651069622290,1776651069679118,56.828,ok
wifi_adhoc,100,1,1776651069632307,1776651069689289,56.982,ok
wifi_adhoc,100,1,1776651069642315,1776651069699377,57.062,ok
wifi_adhoc,100,1,1776651069652321,1776651069715012,62.691,ok
wifi_adhoc,100,1,1776651069672291,1776651069721762,49.471,ok
wifi_adhoc,100,1,1776651069702330,1776651069876077,173.747,ok
wifi_adhoc,100,1,1776651069712303,1776651069876301,163.998,ok
wifi_adhoc,100,1,1776651069722284,1776651069876440,154.156,ok
wifi_adhoc,100,1,1776651069732340,1776651069877835,145.495,ok
wifi_adhoc,100,1,1776651069742289,1776651069878101,135.812,ok
wifi_adhoc,100,1,1776651069752310,1776651069878192,125.882,ok
wifi_adhoc,100,1,1776651069762774,1776651069878260,115.486,ok
wifi_adhoc,100,1,1776651069772317,1776651069881191,108.874,ok
wifi_adhoc,100,1,1776651069792287,1776651069881416,89.129,ok
wifi_adhoc,100,1,1776651069802288,1776651069881554,79.266,ok
wifi_adhoc,100,1,1776651069813118,1776651069881633,68.515,ok
wifi_adhoc,100,1,1776651069822316,1776651069882349,60.033,ok
wifi_adhoc,100,1,1776651069832302,1776651069884740,52.438,ok
wifi_adhoc,100,1,1776651069842288,1776651069895339,53.051,ok
wifi_adhoc,100,1,1776651069852296,1776651069920367,68.071,ok
wifi_adhoc,100,1,1776651069862339,1776651069939532,77.193,ok
wifi_adhoc,100,1,1776651069872288,1776651069961265,88.977,ok
wifi_adhoc,100,1,1776651069882282,1776651069961459,79.177,ok
wifi_adhoc,100,1,1776651069892283,1776651069979636,87.353,ok
wifi_adhoc,100,1,1776651069902338,1776651069979879,77.541,ok
wifi_adhoc,100,1,1776651069912361,1776651069992245,79.884,ok
wifi_adhoc,100,1,1776651069922347,1776651069993166,70.819,ok
wifi_adhoc,100,1,1776651069952279,1776651070044449,92.17,ok
wifi_adhoc,100,1,1776651069962311,1776651070051764,89.453,ok
wifi_adhoc,100,1,1776651069972304,1776651070052025,79.721,ok
wifi_adhoc,100,1,1776651069982692,1776651070052161,69.469,ok
wifi_adhoc,100,1,1776651069992540,1776651070052655,60.115,ok
wifi_adhoc,100,1,1776651070002301,1776651070058121,55.82,ok
wifi_adhoc,100,1,1776651070032294,1776651070186256,153.962,ok
wifi_adhoc,100,1,1776651070042294,1776651070186443,144.149,ok
wifi_adhoc,100,1,1776651070052362,1776651070186527,134.165,ok
wifi_adhoc,100,1,1776651070062787,1776651070189625,126.838,ok
wifi_adhoc,100,1,1776651070072286,1776651070189791,117.505,ok
wifi_adhoc,100,1,1776651070082754,1776651070189866,107.112,ok
wifi_adhoc,100,1,1776651070102299,1776651070190359,88.06,ok
wifi_adhoc,100,1,1776651070112448,1776651070191994,79.546,ok
wifi_adhoc,100,1,1776651070122349,1776651070192178,69.829,ok
wifi_adhoc,100,1,1776651070132301,1776651070192258,59.957,ok
wifi_adhoc,100,1,1776651070152314,1776651070208369,56.055,ok
wifi_adhoc,100,1,1776651070162432,1776651070218380,55.948,ok
wifi_adhoc,100,1,1776651070172345,1776651070231669,59.324,ok
wifi_adhoc,100,1,1776651070182284,1776651070244784,62.5,ok
wifi_adhoc,100,1,1776651070192338,1776651070263286,70.948,ok
wifi_adhoc,100,1,1776651070212537,1776651070263537,51.0,ok
wifi_adhoc,100,1,1776651070222317,1776651070281316,58.999,ok
wifi_adhoc,100,1,1776651070232294,1776651070284101,51.807,ok
wifi_adhoc,100,1,1776651070242285,1776651070295304,53.019,ok
wifi_adhoc,100,1,1776651070252299,1776651070305056,52.757,ok
wifi_adhoc,100,1,1776651070262501,1776651070317618,55.117,ok
wifi_adhoc,100,1,1776651070272279,1776651070336043,63.764,ok
wifi_adhoc,100,1,1776651070282277,1776651070336566,54.289,ok
wifi_adhoc,100,1,1776651070292302,1776651070348080,55.778,ok
wifi_adhoc,100,1,1776651070302594,1776651070361278,58.684,ok
wifi_adhoc,100,1,1776651070312291,1776651070370444,58.153,ok
wifi_adhoc,100,1,1776651070322284,1776651070380816,58.532,ok
wifi_adhoc,100,1,1776651070332298,1776651070390825,58.527,ok
wifi_adhoc,100,1,1776651070342302,1776651070405011,62.709,ok
wifi_adhoc,100,1,1776651070352304,1776651070412636,60.332,ok
wifi_adhoc,100,1,1776651070362399,1776651070423438,61.039,ok
wifi_adhoc,100,1,1776651070382293,1776651070434547,52.254,ok
wifi_adhoc,100,1,1776651070392295,1776651070449151,56.856,ok
wifi_adhoc,100,1,1776651070402296,1776651070456513,54.217,ok
wifi_adhoc,100,1,1776651070412326,1776651070466529,54.203,ok
wifi_adhoc,100,1,1776651070422281,1776651070483441,61.16,ok
wifi_adhoc,100,1,1776651070432324,1776651070489207,56.883,ok
wifi_adhoc,100,1,1776651070442281,1776651070499228,56.947,ok
wifi_adhoc,100,1,1776651070452307,1776651070514598,62.291,ok
wifi_adhoc,100,1,1776651070462297,1776651070521546,59.249,ok
wifi_adhoc,100,1,1776651070472314,1776651070533824,61.51,ok
wifi_adhoc,100,1,1776651070492278,1776651070552126,59.848,ok
wifi_adhoc,100,1,1776651070502301,1776651070554464,52.163,ok
wifi_adhoc,100,1,1776651070512353,1776651070566151,53.798,ok
wifi_adhoc,100,1,1776651070522307,1776651070576018,53.711,ok
wifi_adhoc,100,1,1776651070532332,1776651070585626,53.294,ok
wifi_adhoc,100,1,1776651070542330,1776651070596817,54.487,ok
wifi_adhoc,100,1,1776651070552383,1776651070608928,56.545,ok
wifi_adhoc,100,1,1776651070562280,1776651070618697,56.417,ok
wifi_adhoc,100,1,1776651070572278,1776651070630132,57.854,ok
wifi_adhoc,100,1,1776651070582294,1776651070640445,58.151,ok
wifi_adhoc,100,1,1776651070602309,1776651070653486,51.177,ok
wifi_adhoc,100,1,1776651070612431,1776651070662234,49.803,ok
wifi_adhoc,100,1,1776651070622290,1776651070673206,50.916,ok
wifi_adhoc,100,1,1776651070632275,1776651070685809,53.534,ok
wifi_adhoc,100,1,1776651070642309,1776651070694422,52.113,ok
wifi_adhoc,100,1,1776651070652291,1776651070705305,53.014,ok
wifi_adhoc,100,1,1776651070662454,1776651070720526,58.072,ok
wifi_adhoc,100,1,1776651070672307,1776651070729093,56.786,ok
wifi_adhoc,100,1,1776651070682287,1776651070739731,57.444,ok
wifi_adhoc,100,1,1776651070692311,1776651070756907,64.596,ok
wifi_adhoc,100,1,1776651070702286,1776651070760860,58.574,ok
wifi_adhoc,100,1,1776651070712287,1776651070771703,59.416,ok
wifi_adhoc,100,1,1776651070722293,1776651070788516,66.223,ok
wifi_adhoc,100,1,1776651070742313,1776651070793894,51.581,ok
wifi_adhoc,100,1,1776651070762292,1776651070814487,52.195,ok
wifi_adhoc,100,1,1776651070772296,1776651070825849,53.553,ok
wifi_adhoc,100,1,1776651070782299,1776651070841879,59.58,ok
wifi_adhoc,100,1,1776651070792327,1776651070847123,54.796,ok
wifi_adhoc,100,1,1776651070802279,1776651070859905,57.626,ok
wifi_adhoc,100,1,1776651070812357,1776651070868100,55.743,ok
wifi_adhoc,100,1,1776651070822292,1776651070890935,68.643,ok
wifi_adhoc,100,1,1776651070832290,1776651070893265,60.975,ok
wifi_adhoc,100,1,1776651070842284,1776651070899419,57.135,ok
wifi_adhoc,100,1,1776651070852301,1776651070910266,57.965,ok
wifi_adhoc,100,1,1776651070872290,1776651070924267,51.977,ok
wifi_adhoc,100,1,1776651070882322,1776651070932466,50.144,ok
wifi_adhoc,100,1,1776651070892317,1776651070943606,51.289,ok
wifi_adhoc,100,1,1776651070902326,1776651070963292,60.966,ok
wifi_adhoc,100,1,1776651070912452,1776651070965108,52.656,ok
wifi_adhoc,100,1,1776651070922291,1776651070975503,53.212,ok
wifi_adhoc,100,1,1776651070932375,1776651071004578,72.203,ok
wifi_adhoc,100,1,1776651070942283,1776651071004816,62.533,ok
wifi_adhoc,100,1,1776651070952287,1776651071007246,54.959,ok
wifi_adhoc,100,1,1776651070962952,1776651071024745,61.793,ok
wifi_adhoc,100,1,1776651070972311,1776651071029725,57.414,ok
wifi_adhoc,100,1,1776651070992288,1776651071051927,59.639,ok
wifi_adhoc,100,1,1776651071002299,1776651071063489,61.19,ok
wifi_adhoc,100,1,1776651071012302,1776651071073404,61.102,ok
wifi_adhoc,100,1,1776651071022301,1776651071083147,60.846,ok
wifi_adhoc,100,1,1776651071042334,1776651071094638,52.304,ok
wifi_adhoc,100,1,1776651071052277,1776651071103891,51.614,ok
wifi_adhoc,100,1,1776651071062283,1776651071115222,52.939,ok
wifi_adhoc,100,1,1776651071072294,1776651071132693,60.399,ok
wifi_adhoc,100,1,1776651071082293,1776651071137313,55.02,ok
wifi_adhoc,100,1,1776651071092293,1776651071148321,56.028,ok
wifi_adhoc,100,1,1776651071102288,1776651071161448,59.16,ok
wifi_adhoc,100,1,1776651071112292,1776651071171838,59.546,ok
wifi_adhoc,100,1,1776651071122316,1776651071179635,57.319,ok
wifi_adhoc,100,1,1776651071132319,1776651071191936,59.617,ok
wifi_adhoc,100,1,1776651071142317,1776651071220765,78.448,ok
wifi_adhoc,100,1,1776651071162307,1776651071231475,69.168,ok
wifi_adhoc,100,1,1776651071172274,1776651071231715,59.441,ok
wifi_adhoc,100,1,1776651071182297,1776651071241641,59.344,ok
wifi_adhoc,100,1,1776651071192303,1776651071252058,59.755,ok
wifi_adhoc,100,1,1776651071202280,1776651071262633,60.353,ok
wifi_adhoc,100,1,1776651071212553,1776651071272916,60.363,ok
wifi_adhoc,100,1,1776651071222297,1776651071291411,69.114,ok
wifi_adhoc,100,1,1776651071232287,1776651071303933,71.646,ok
wifi_adhoc,100,1,1776651071242300,1776651071304191,61.891,ok
wifi_adhoc,100,1,1776651071252315,1776651071308607,56.292,ok
wifi_adhoc,100,1,1776651071262425,1776651071325624,63.199,ok
wifi_adhoc,100,1,1776651071272319,1776651071335672,63.353,ok
wifi_adhoc,100,1,1776651071282313,1776651071347857,65.544,ok
wifi_adhoc,100,1,1776651071292300,1776651071358551,66.251,ok
wifi_adhoc,100,1,1776651071312436,1776651071370003,57.567,ok
wifi_adhoc,100,1,1776651071322328,1776651071380658,58.33,ok
wifi_adhoc,100,1,1776651071332347,1776651071394521,62.174,ok
wifi_adhoc,100,1,1776651071352318,1776651071403629,51.311,ok
wifi_adhoc,100,1,1776651071362600,1776651071411664,49.064,ok
wifi_adhoc,100,1,1776651071372295,1776651071422383,50.088,ok
wifi_adhoc,100,1,1776651071382329,1776651071433263,50.934,ok
wifi_adhoc,100,1,1776651071392294,1776651071444578,52.284,ok
wifi_adhoc,100,1,1776651071402600,1776651071454507,51.907,ok
wifi_adhoc,100,1,1776651071412289,1776651071473590,61.301,ok
wifi_adhoc,100,1,1776651071422676,1776651071476901,54.225,ok
wifi_adhoc,100,1,1776651071432280,1776651071486773,54.493,ok
wifi_adhoc,100,1,1776651071442286,1776651071511212,68.926,ok
wifi_adhoc,100,1,1776651071452312,1776651071512062,59.75,ok
wifi_adhoc,100,1,1776651071462279,1776651071519373,57.094,ok
wifi_adhoc,100,1,1776651071472281,1776651071530835,58.554,ok
wifi_adhoc,100,1,1776651071492274,1776651071542657,50.383,ok
wifi_adhoc,100,1,1776651071502355,1776651071553226,50.871,ok
wifi_adhoc,100,1,1776651071512418,1776651071563207,50.789,ok
wifi_adhoc,100,1,1776651071522310,1776651071575135,52.825,ok
wifi_adhoc,100,1,1776651071532281,1776651071584201,51.92,ok
wifi_adhoc,100,1,1776651071542294,1776651071594656,52.362,ok
wifi_adhoc,100,1,1776651071552280,1776651071607984,55.704,ok
wifi_adhoc,100,1,1776651071562287,1776651071618412,56.125,ok
wifi_adhoc,100,1,1776651071572288,1776651071627171,54.883,ok
wifi_adhoc,100,1,1776651071582284,1776651071640999,58.715,ok
wifi_adhoc,100,1,1776651071592335,1776651071649531,57.196,ok
wifi_adhoc,100,1,1776651071602314,1776651071659856,57.542,ok
wifi_adhoc,100,1,1776651071612290,1776651071678315,66.025,ok
wifi_adhoc,100,1,1776651071622286,1776651071682704,60.418,ok
wifi_adhoc,100,1,1776651071632293,1776651071692564,60.271,ok
wifi_adhoc,100,1,1776651071642314,1776651071715506,73.192,ok
wifi_adhoc,100,1,1776651071662418,1776651071715797,53.379,ok
wifi_adhoc,100,1,1776651071672288,1776651071735709,63.421,ok
wifi_adhoc,100,1,1776651071682482,1776651071745472,62.99,ok
wifi_adhoc,100,1,1776651071692301,1776651071749537,57.236,ok
wifi_adhoc,100,1,1776651071702300,1776651071766467,64.167,ok
wifi_adhoc,100,1,1776651071722298,1776651071775030,52.732,ok
wifi_adhoc,100,1,1776651071732304,1776651071782294,49.99,ok
wifi_adhoc,100,1,1776651071742283,1776651071793000,50.717,ok
wifi_adhoc,100,1,1776651071752323,1776651071804451,52.128,ok
wifi_adhoc,100,1,1776651071762289,1776651071814458,52.169,ok
wifi_adhoc,100,1,1776651071772284,1776651071825199,52.915,ok
wifi_adhoc,100,1,1776651071782542,1776651071838351,55.809,ok
wifi_adhoc,100,1,1776651071792341,1776651071847240,54.899,ok
wifi_adhoc,100,1,1776651071802284,1776651071858052,55.768,ok
wifi_adhoc,100,1,1776651071812295,1776651071869801,57.506,ok
wifi_adhoc,100,1,1776651071822302,1776651071882572,60.27,ok
wifi_adhoc,100,1,1776651071832293,1776651071891737,59.444,ok
wifi_adhoc,100,1,1776651071852352,1776651071901679,49.327,ok
wifi_adhoc,100,1,1776651071862354,1776651071924235,61.881,ok
wifi_adhoc,100,1,1776651071872283,1776651071924435,52.152,ok
wifi_adhoc,100,1,1776651071882303,1776651071934267,51.964,ok
wifi_adhoc,100,1,1776651071892303,1776651071946533,54.23,ok
wifi_adhoc,100,1,1776651071902284,1776651071955213,52.929,ok
wifi_adhoc,100,1,1776651071912290,1776651071968758,56.468,ok
wifi_adhoc,100,1,1776651071922280,1776651071980411,58.131,ok
wifi_adhoc,100,1,1776651071932317,1776651071988195,55.878,ok
wifi_adhoc,100,1,1776651071942296,1776651071998659,56.363,ok
wifi_adhoc,100,1,1776651071952301,1776651072021279,68.978,ok
wifi_adhoc,100,1,1776651071962633,1776651072021465,58.832,ok
wifi_adhoc,100,1,1776651071972287,1776651072030983,58.696,ok
wifi_adhoc,100,1,1776651071992493,1776651072044346,51.853,ok
wifi_adhoc,100,1,1776651072002296,1776651072053813,51.517,ok
wifi_adhoc,100,1,1776651072012296,1776651072065269,52.973,ok
wifi_adhoc,100,1,1776651072022287,1776651072075529,53.242,ok
wifi_adhoc,100,1,1776651072032324,1776651072087748,55.424,ok
wifi_adhoc,100,1,1776651072042338,1776651072095569,53.231,ok
wifi_adhoc,100,1,1776651072052300,1776651072107227,54.927,ok
wifi_adhoc,100,1,1776651072062367,1776651072118484,56.117,ok
wifi_adhoc,100,1,1776651072072284,1776651072128137,55.853,ok
wifi_adhoc,100,1,1776651072082281,1776651072139723,57.442,ok
wifi_adhoc,100,1,1776651072092334,1776651072154998,62.664,ok
wifi_adhoc,100,1,1776651072112300,1776651072162567,50.267,ok
wifi_adhoc,100,1,1776651072122328,1776651072173168,50.84,ok
wifi_adhoc,100,1,1776651072132277,1776651072184846,52.569,ok
wifi_adhoc,100,1,1776651072142296,1776651072194269,51.973,ok
wifi_adhoc,100,1,1776651072152302,1776651072204547,52.245,ok
wifi_adhoc,100,1,1776651072162286,1776651072226153,63.867,ok
wifi_adhoc,100,1,1776651072172294,1776651072227113,54.819,ok
wifi_adhoc,100,1,1776651072182393,1776651072237743,55.35,ok
wifi_adhoc,100,1,1776651072192279,1776651072250705,58.426,ok
wifi_adhoc,100,1,1776651072202303,1776651072259526,57.223,ok
wifi_adhoc,100,1,1776651072212362,1776651072272373,60.011,ok
wifi_adhoc,100,1,1776651072232321,1776651072281612,49.291,ok
wifi_adhoc,100,1,1776651072242280,1776651072292268,49.988,ok
wifi_adhoc,100,1,1776651072252562,1776651072304420,51.858,ok
wifi_adhoc,100,1,1776651072262367,1776651072325300,62.933,ok
wifi_adhoc,100,1,1776651072272617,1776651072326821,54.204,ok
wifi_adhoc,100,1,1776651072282364,1776651072335029,52.665,ok
wifi_adhoc,100,1,1776651072292527,1776651072346417,53.89,ok
wifi_adhoc,100,1,1776651072302289,1776651072365022,62.733,ok
wifi_adhoc,100,1,1776651072312310,1776651072370930,58.62,ok
wifi_adhoc,100,1,1776651072322287,1776651072377883,55.596,ok
wifi_adhoc,100,1,1776651072332277,1776651072389556,57.279,ok
wifi_adhoc,100,1,1776651072342308,1776651072399756,57.448,ok
wifi_adhoc,100,1,1776651072352285,1776651072411131,58.846,ok
wifi_adhoc,100,1,1776651072362284,1776651072429788,67.504,ok
wifi_adhoc,100,1,1776651072382328,1776651072431920,49.592,ok
wifi_adhoc,100,1,1776651072392310,1776651072443078,50.768,ok
wifi_adhoc,100,1,1776651072402311,1776651072453866,51.555,ok
wifi_adhoc,100,1,1776651072412508,1776651072465083,52.575,ok
wifi_adhoc,100,1,1776651072422333,1776651072481347,59.014,ok
wifi_adhoc,100,1,1776651072432324,1776651072487118,54.794,ok
wifi_adhoc,100,1,1776651072442310,1776651072498673,56.363,ok
wifi_adhoc,100,1,1776651072452308,1776651072509240,56.932,ok
wifi_adhoc,100,1,1776651072462296,1776651072520727,58.431,ok
wifi_adhoc,100,1,1776651072472336,1776651072531339,59.003,ok
wifi_adhoc,100,1,1776651072482280,1776651072542711,60.431,ok
wifi_adhoc,100,1,1776651072502326,1776651072554549,52.223,ok
wifi_adhoc,100,1,1776651072512288,1776651072564273,51.985,ok
wifi_adhoc,100,1,1776651072522287,1776651072575321,53.034,ok
wifi_adhoc,100,1,1776651072532342,1776651072595495,63.153,ok
wifi_adhoc,100,1,1776651072542292,1776651072598698,56.406,ok
wifi_adhoc,100,1,1776651072552296,1776651072608411,56.115,ok
wifi_adhoc,100,1,1776651072562293,1776651072618181,55.888,ok
wifi_adhoc,100,1,1776651072572310,1776651072634886,62.576,ok
wifi_adhoc,100,1,1776651072582314,1776651072639654,57.34,ok
wifi_adhoc,100,1,1776651072592318,1776651072650233,57.915,ok
wifi_adhoc,100,1,1776651072612283,1776651072671903,59.62,ok
wifi_adhoc,100,1,1776651072622319,1776651072675262,52.943,ok
wifi_adhoc,100,1,1776651072632284,1776651072682606,50.322,ok
wifi_adhoc,100,1,1776651072642279,1776651072694430,52.151,ok
wifi_adhoc,100,1,1776651072652313,1776651072704662,52.349,ok
wifi_adhoc,100,1,1776651072662313,1776651072715472,53.159,ok
wifi_adhoc,100,1,1776651072672275,1776651072736817,64.542,ok
wifi_adhoc,100,1,1776651072682342,1776651072737602,55.26,ok
wifi_adhoc,100,1,1776651072692504,1776651072748324,55.82,ok
wifi_adhoc,100,1,1776651072702332,1776651072759787,57.455,ok
wifi_adhoc,100,1,1776651072712418,1776651072772753,60.335,ok
wifi_adhoc,100,1,1776651072722291,1776651072809672,87.381,ok
wifi_adhoc,100,1,1776651072742279,1776651072821048,78.769,ok
wifi_adhoc,100,1,1776651072752333,1776651072821310,68.977,ok
wifi_adhoc,100,1,1776651072762294,1776651072824087,61.793,ok
wifi_adhoc,100,1,1776651072772292,1776651072824298,52.006,ok
wifi_adhoc,100,1,1776651072782328,1776651072836608,54.28,ok
wifi_adhoc,100,1,1776651072792306,1776651072845394,53.088,ok
wifi_adhoc,100,1,1776651072802288,1776651072856465,54.177,ok
wifi_adhoc,100,1,1776651072812357,1776651072871510,59.153,ok
wifi_adhoc,100,1,1776651072822286,1776651072878393,56.107,ok
wifi_adhoc,100,1,1776651072832282,1776651072890029,57.747,ok
wifi_adhoc,100,1,1776651072842289,1776651072901742,59.453,ok
wifi_adhoc,100,1,1776651072852294,1776651072913241,60.947,ok
wifi_adhoc,100,1,1776651072862293,1776651072922795,60.502,ok
wifi_adhoc,100,1,1776651072882292,1776651072959661,77.369,ok
wifi_adhoc,100,1,1776651072892301,1776651072959908,67.607,ok
wifi_adhoc,100,1,1776651072902285,1776651072960090,57.805,ok
wifi_adhoc,100,1,1776651072912812,1776651072967308,54.496,ok
wifi_adhoc,100,1,1776651072922298,1776651072977444,55.146,ok
wifi_adhoc,100,1,1776651072932508,1776651072990442,57.934,ok
wifi_adhoc,100,1,1776651072942296,1776651072999352,57.056,ok
wifi_adhoc,100,1,1776651072952306,1776651073010479,58.173,ok
wifi_adhoc,100,1,1776651072962469,1776651073022148,59.679,ok
wifi_adhoc,100,1,1776651072972296,1776651073043094,70.798,ok
wifi_adhoc,100,1,1776651072992280,1776651073043588,51.308,ok
wifi_adhoc,100,1,1776651073002393,1776651073052736,50.343,ok
wifi_adhoc,100,1,1776651073012545,1776651073064408,51.863,ok
wifi_adhoc,100,1,1776651073022369,1776651073075145,52.776,ok
wifi_adhoc,100,1,1776651073032289,1776651073085159,52.87,ok
wifi_adhoc,100,1,1776651073042295,1776651073099234,56.939,ok
wifi_adhoc,100,1,1776651073052320,1776651073111510,59.19,ok
wifi_adhoc,100,1,1776651073062379,1776651073118504,56.125,ok
wifi_adhoc,100,1,1776651073072286,1776651073128999,56.713,ok
wifi_adhoc,100,1,1776651073082376,1776651073143200,60.824,ok
wifi_adhoc,100,1,1776651073092297,1776651073149676,57.379,ok
wifi_adhoc,100,1,1776651073113208,1776651073161593,48.385,ok
wifi_adhoc,100,1,1776651073122283,1776651073170881,48.598,ok
wifi_adhoc,100,1,1776651073133017,1776651073182284,49.267,ok
wifi_adhoc,100,1,1776651073152313,1776651073203611,51.298,ok
wifi_adhoc,100,1,1776651073162311,1776651073214631,52.32,ok
wifi_adhoc,100,1,1776651073172300,1776651073225361,53.061,ok
wifi_adhoc,100,1,1776651073182521,1776651073246818,64.297,ok
wifi_adhoc,100,1,1776651073192290,1776651073249188,56.898,ok
wifi_adhoc,100,1,1776651073202283,1776651073260313,58.03,ok
wifi_adhoc,100,1,1776651073212423,1776651073268137,55.714,ok
wifi_adhoc,100,1,1776651073222282,1776651073281659,59.377,ok
wifi_adhoc,100,1,1776651073232296,1776651073290640,58.344,ok
wifi_adhoc,100,1,1776651073242333,1776651073302064,59.731,ok
wifi_adhoc,100,1,1776651073262410,1776651073316857,54.447,ok
wifi_adhoc,100,1,1776651073272287,1776651073323192,50.905,ok
wifi_adhoc,100,1,1776651073282282,1776651073335305,53.023,ok
wifi_adhoc,100,1,1776651073292307,1776651073350001,57.694,ok
wifi_adhoc,100,1,1776651073302362,1776651073354219,51.857,ok
wifi_adhoc,100,1,1776651073312309,1776651073365147,52.838,ok
wifi_adhoc,100,1,1776651073322337,1776651073382537,60.2,ok
wifi_adhoc,100,1,1776651073332297,1776651073386582,54.285,ok
wifi_adhoc,100,1,1776651073342301,1776651073400554,58.253,ok
wifi_adhoc,100,1,1776651073352310,1776651073408732,56.422,ok
wifi_adhoc,100,1,1776651073362324,1776651073419437,57.113,ok
wifi_adhoc,100,1,1776651073392301,1776651073442812,50.511,ok
wifi_adhoc,100,1,1776651073402302,1776651073451641,49.339,ok
wifi_adhoc,100,1,1776651073412396,1776651073462228,49.832,ok
wifi_adhoc,100,1,1776651073422283,1776651073472942,50.659,ok
wifi_adhoc,100,1,1776651073432285,1776651073484191,51.906,ok
wifi_adhoc,100,1,1776651073442293,1776651073494839,52.546,ok
wifi_adhoc,100,1,1776651073452290,1776651073505570,53.28,ok
wifi_adhoc,100,1,1776651073462545,1776651073521401,58.856,ok
wifi_adhoc,100,1,1776651073472301,1776651073529333,57.032,ok
wifi_adhoc,100,1,1776651073482292,1776651073557581,75.289,ok
wifi_adhoc,100,1,1776651073492310,1776651073557768,65.458,ok
wifi_adhoc,100,1,1776651073502313,1776651073563498,61.185,ok
wifi_adhoc,100,1,1776651073512332,1776651073572414,60.082,ok
wifi_adhoc,100,1,1776651073532277,1776651073586892,54.615,ok
wifi_adhoc,100,1,1776651073542276,1776651073592984,50.708,ok
wifi_adhoc,100,1,1776651073552283,1776651073603062,50.779,ok
wifi_adhoc,100,1,1776651073562345,1776651073614615,52.27,ok
wifi_adhoc,100,1,1776651073572310,1776651073624814,52.504,ok
wifi_adhoc,100,1,1776651073582293,1776651073635455,53.162,ok
wifi_adhoc,100,1,1776651073592288,1776651073647320,55.032,ok
wifi_adhoc,100,1,1776651073602332,1776651073658418,56.086,ok
wifi_adhoc,100,1,1776651073612384,1776651073668515,56.131,ok
wifi_adhoc,100,1,1776651073622281,1776651073680472,58.191,ok
wifi_adhoc,100,1,1776651073632282,1776651073690112,57.83,ok
wifi_adhoc,100,1,1776651073642291,1776651073700680,58.389,ok
wifi_adhoc,100,1,1776651073662297,1776651073711470,49.173,ok
wifi_adhoc,100,1,1776651073672293,1776651073726867,54.574,ok
wifi_adhoc,100,1,1776651073682287,1776651073733508,51.221,ok
wifi_adhoc,100,1,1776651073692294,1776651073743402,51.108,ok
wifi_adhoc,100,1,1776651073702308,1776651073765447,63.139,ok
wifi_adhoc,100,1,1776651073712318,1776651073766695,54.377,ok
wifi_adhoc,100,1,1776651073722296,1776651073777049,54.753,ok
wifi_adhoc,100,1,1776651073732288,1776651073786589,54.301,ok
wifi_adhoc,100,1,1776651073742285,1776651073797738,55.453,ok
wifi_adhoc,100,1,1776651073752365,1776651073814209,61.844,ok
wifi_adhoc,100,1,1776651073762284,1776651073829313,67.029,ok
wifi_adhoc,100,1,1776651073772290,1776651073831376,59.086,ok
wifi_adhoc,100,1,1776651073792382,1776651073842134,49.752,ok
wifi_adhoc,100,1,1776651073802314,1776651073875006,72.692,ok
wifi_adhoc,100,1,1776651073812290,1776651073876632,64.342,ok
wifi_adhoc,100,1,1776651073822291,1776651073876861,54.57,ok
wifi_adhoc,100,1,1776651073832290,1776651073888858,56.568,ok
wifi_adhoc,100,1,1776651073852322,1776651073912804,60.482,ok
wifi_adhoc,100,1,1776651073862289,1776651073918200,55.911,ok
wifi_adhoc,100,1,1776651073872310,1776651073930873,58.563,ok
wifi_adhoc,100,1,1776651073882290,1776651073940123,57.833,ok
wifi_adhoc,100,1,1776651073892309,1776651073968040,75.731,ok
wifi_adhoc,100,1,1776651073902560,1776651073968292,65.732,ok
wifi_adhoc,100,1,1776651073922290,1776651073972646,50.356,ok
wifi_adhoc,100,1,1776651073932289,1776651073983591,51.302,ok
wifi_adhoc,100,1,1776651073942294,1776651073999784,57.49,ok
wifi_adhoc,100,1,1776651073952316,1776651074005489,53.173,ok
wifi_adhoc,100,1,1776651073972292,1776651074036939,64.647,ok
wifi_adhoc,100,1,1776651073982345,1776651074038283,55.938,ok
wifi_adhoc,100,1,1776651073992304,1776651074048678,56.374,ok
wifi_adhoc,100,1,1776651074002291,1776651074065467,63.176,ok
wifi_adhoc,100,1,1776651074012282,1776651074069566,57.284,ok
wifi_adhoc,100,1,1776651074022317,1776651074082582,60.265,ok
wifi_adhoc,100,1,1776651074042292,1776651074091993,49.701,ok
wifi_adhoc,100,1,1776651074052285,1776651074101706,49.421,ok
wifi_adhoc,100,1,1776651074072311,1776651074123820,51.509,ok
wifi_adhoc,100,1,1776651074082290,1776651074135099,52.809,ok
wifi_adhoc,100,1,1776651074092279,1776651074149784,57.505,ok
wifi_adhoc,100,1,1776651074102559,1776651074167427,64.868,ok
wifi_adhoc,100,1,1776651074112284,1776651074167622,55.338,ok
wifi_adhoc,100,1,1776651074122276,1776651074178759,56.483,ok
wifi_adhoc,100,1,1776651074132337,1776651074188607,56.27,ok
wifi_adhoc,100,1,1776651074142291,1776651074200831,58.54,ok
wifi_adhoc,100,1,1776651074152298,1776651074210866,58.568,ok
wifi_adhoc,100,1,1776651074182291,1776651074239714,57.423,ok
wifi_adhoc,100,1,1776651074192281,1776651074245550,53.269,ok
wifi_adhoc,100,1,1776651074202283,1776651074255091,52.808,ok
wifi_adhoc,100,1,1776651074212757,1776651074274979,62.222,ok
wifi_adhoc,100,1,1776651074222309,1776651074278531,56.222,ok
wifi_adhoc,100,1,1776651074232292,1776651074287641,55.349,ok
wifi_adhoc,100,1,1776651074242354,1776651074298941,56.587,ok
wifi_adhoc,100,1,1776651074252324,1776651074309385,57.061,ok
wifi_adhoc,100,1,1776651074262290,1776651074328127,65.837,ok
wifi_adhoc,100,1,1776651074272291,1776651074331068,58.777,ok
wifi_adhoc,100,1,1776651074292289,1776651074341038,48.749,ok
wifi_adhoc,100,1,1776651074302292,1776651074353013,50.721,ok
wifi_adhoc,100,1,1776651074312293,1776651074380253,67.96,ok
wifi_adhoc,100,1,1776651074322285,1776651074381507,59.222,ok
wifi_adhoc,100,1,1776651074332314,1776651074385580,53.266,ok
wifi_adhoc,100,1,1776651074342326,1776651074400227,57.901,ok
wifi_adhoc,100,1,1776651074352303,1776651074409641,57.338,ok
wifi_adhoc,100,1,1776651074372311,1776651074428878,56.567,ok
wifi_adhoc,100,1,1776651074382293,1776651074443228,60.935,ok
wifi_adhoc,100,1,1776651074392305,1776651074450697,58.392,ok
wifi_adhoc,100,1,1776651074402317,1776651074461310,58.993,ok
wifi_adhoc,100,1,1776651074422313,1776651074473782,51.469,ok
wifi_adhoc,100,1,1776651074432288,1776651074481854,49.566,ok
wifi_adhoc,100,1,1776651074442332,1776651074493261,50.929,ok
wifi_adhoc,100,1,1776651074452273,1776651074520077,67.804,ok
wifi_adhoc,100,1,1776651074462278,1776651074520232,57.954,ok
wifi_adhoc,100,1,1776651074472275,1776651074527453,55.178,ok
wifi_adhoc,100,1,1776651074482318,1776651074547229,64.911,ok
wifi_adhoc,100,1,1776651074492269,1776651074548983,56.714,ok
wifi_adhoc,100,1,1776651074502400,1776651074559047,56.647,ok
wifi_adhoc,100,1,1776651074512281,1776651074576855,64.574,ok
wifi_adhoc,100,1,1776651074522311,1776651074579845,57.534,ok
wifi_adhoc,100,1,1776651074532280,1776651074590640,58.36,ok
wifi_adhoc,100,1,1776651074552315,1776651074602083,49.768,ok
wifi_adhoc,100,1,1776651074562289,1776651074613070,50.781,ok
wifi_adhoc,100,1,1776651074572281,1776651074652574,80.293,ok
wifi_adhoc,100,1,1776651074582283,1776651074654273,71.99,ok
wifi_adhoc,100,1,1776651074592283,1776651074654445,62.162,ok
wifi_adhoc,100,1,1776651074602338,1776651074656253,53.915,ok
wifi_adhoc,100,1,1776651074612713,1776651074671365,58.652,ok
wifi_adhoc,100,1,1776651074622277,1776651074683072,60.795,ok
wifi_adhoc,100,1,1776651074632282,1776651074688152,55.87,ok
wifi_adhoc,100,1,1776651074642286,1776651074719517,77.231,ok
wifi_adhoc,100,1,1776651074652313,1776651074720010,67.697,ok
wifi_adhoc,100,1,1776651074662289,1776651074722455,60.166,ok
wifi_adhoc,100,1,1776651074672283,1776651074733159,60.876,ok
wifi_adhoc,100,1,1776651074692311,1776651074754177,61.866,ok
wifi_adhoc,100,1,1776651074702317,1776651074754395,52.078,ok
wifi_adhoc,100,1,1776651074712312,1776651074765387,53.075,ok
wifi_adhoc,100,1,1776651074722329,1776651074788085,65.756,ok
wifi_adhoc,100,1,1776651074732294,1776651074788261,55.967,ok
wifi_adhoc,100,1,1776651074742303,1776651074798239,55.936,ok
wifi_adhoc,100,1,1776651074752304,1776651074809055,56.751,ok
wifi_adhoc,100,1,1776651074762294,1776651074819498,57.204,ok
wifi_adhoc,100,1,1776651074772285,1776651074831745,59.46,ok
wifi_adhoc,100,1,1776651074792309,1776651074841869,49.56,ok
wifi_adhoc,100,1,1776651074802311,1776651074855148,52.837,ok
wifi_adhoc,100,1,1776651074812298,1776651074863751,51.453,ok
wifi_adhoc,100,1,1776651074822313,1776651074886133,63.82,ok
wifi_adhoc,100,1,1776651074832298,1776651074886867,54.569,ok
wifi_adhoc,100,1,1776651074842285,1776651074897723,55.438,ok
wifi_adhoc,100,1,1776651074852331,1776651074905908,53.577,ok
wifi_adhoc,100,1,1776651074862887,1776651074917706,54.819,ok
wifi_adhoc,100,1,1776651074872293,1776651074928551,56.258,ok
wifi_adhoc,100,1,1776651074882290,1776651074940599,58.309,ok
wifi_adhoc,100,1,1776651074892308,1776651074949901,57.593,ok
wifi_adhoc,100,1,1776651074902301,1776651074959941,57.64,ok
wifi_adhoc,100,1,1776651074912373,1776651074986061,73.688,ok
wifi_adhoc,100,1,1776651074932278,1776651074987038,54.76,ok
wifi_adhoc,100,1,1776651074942477,1776651074992582,50.105,ok
wifi_adhoc,100,1,1776651074952303,1776651075009877,57.574,ok
wifi_adhoc,100,1,1776651074963028,1776651075013946,50.918,ok
wifi_adhoc,100,1,1776651074972287,1776651075025108,52.821,ok
wifi_adhoc,100,1,1776651074982287,1776651075039241,56.954,ok
wifi_adhoc,100,1,1776651074992329,1776651075073877,81.548,ok
wifi_adhoc,100,1,1776651075002282,1776651075074151,71.869,ok
wifi_adhoc,100,1,1776651075012291,1776651075074222,61.931,ok
wifi_adhoc,100,1,1776651075022289,1776651075092299,70.01,ok
wifi_adhoc,100,1,1776651075032290,1776651075092477,60.187,ok
wifi_adhoc,100,1,1776651075042312,1776651075103859,61.547,ok
wifi_adhoc,100,1,1776651075052332,1776651075111388,59.056,ok
wifi_adhoc,100,1,1776651075062455,1776651075122937,60.482,ok
wifi_adhoc,100,1,1776651075072308,1776651075133262,60.954,ok
wifi_adhoc,100,1,1776651075092558,1776651075146059,53.501,ok
wifi_adhoc,100,1,1776651075102304,1776651075163763,61.459,ok
wifi_adhoc,100,1,1776651075112291,1776651075167412,55.121,ok
wifi_adhoc,100,1,1776651075122280,1776651075176896,54.616,ok
wifi_adhoc,100,1,1776651075132293,1776651075198250,65.957,ok
wifi_adhoc,100,1,1776651075142297,1776651075198482,56.185,ok
wifi_adhoc,100,1,1776651075152585,1776651075209036,56.451,ok
wifi_adhoc,100,1,1776651075162413,1776651075219838,57.425,ok
wifi_adhoc,100,1,1776651075182407,1776651075231624,49.217,ok
wifi_adhoc,100,1,1776651075192283,1776651075245064,52.781,ok
wifi_adhoc,100,1,1776651075202329,1776651075252516,50.187,ok
wifi_adhoc,100,1,1776651075212291,1776651075263213,50.922,ok
wifi_adhoc,100,1,1776651075222290,1776651075273932,51.642,ok
wifi_adhoc,100,1,1776651075232292,1776651075285850,53.558,ok
wifi_adhoc,100,1,1776651075242311,1776651075298105,55.794,ok
wifi_adhoc,100,1,1776651075252437,1776651075306944,54.507,ok
wifi_adhoc,100,1,1776651075263042,1776651075320201,57.159,ok
wifi_adhoc,100,1,1776651075272284,1776651075328878,56.594,ok
wifi_adhoc,100,1,1776651075282291,1776651075339226,56.935,ok
wifi_adhoc,100,1,1776651075292279,1776651075349564,57.285,ok
wifi_adhoc,100,1,1776651075302301,1776651075367119,64.818,ok
wifi_adhoc,100,1,1776651075312323,1776651075372200,59.877,ok
wifi_adhoc,100,1,1776651075332290,1776651075390376,58.086,ok
wifi_adhoc,100,1,1776651075342300,1776651075399224,56.924,ok
wifi_adhoc,100,1,1776651075352332,1776651075403415,51.083,ok
wifi_adhoc,100,1,1776651075362299,1776651075414428,52.129,ok
wifi_adhoc,100,1,1776651075372405,1776651075425077,52.672,ok
wifi_adhoc,100,1,1776651075382315,1776651075435684,53.369,ok
wifi_adhoc,100,1,1776651075392312,1776651075446566,54.254,ok
wifi_adhoc,100,1,1776651075402277,1776651075463559,61.282,ok
wifi_adhoc,100,1,1776651075412287,1776651075471999,59.712,ok
wifi_adhoc,100,1,1776651075422308,1776651075479874,57.566,ok
wifi_adhoc,100,1,1776651075432290,1776651075506584,74.294,ok
wifi_adhoc,100,1,1776651075442285,1776651075506770,64.485,ok
wifi_adhoc,100,1,1776651075462287,1776651075512546,50.259,ok
wifi_adhoc,100,1,1776651075472273,1776651075523005,50.732,ok
wifi_adhoc,100,1,1776651075482285,1776651075533190,50.905,ok
wifi_adhoc,100,1,1776651075492271,1776651075544161,51.89,ok
wifi_adhoc,100,1,1776651075502315,1776651075555092,52.777,ok
wifi_adhoc,100,1,1776651075512479,1776651075568849,56.37,ok
wifi_adhoc,100,1,1776651075522354,1776651075578769,56.415,ok
wifi_adhoc,100,1,1776651075532303,1776651075588506,56.203,ok
wifi_adhoc,100,1,1776651075542323,1776651075601155,58.832,ok
wifi_adhoc,100,1,1776651075552292,1776651075609388,57.096,ok
wifi_adhoc,100,1,1776651075562309,1776651075620946,58.637,ok
wifi_adhoc,100,1,1776651075572311,1776651075639292,66.981,ok
wifi_adhoc,100,1,1776651075592281,1776651075642007,49.726,ok
wifi_adhoc,100,1,1776651075602268,1776651075652799,50.531,ok
wifi_adhoc,100,1,1776651075612284,1776651075665670,53.386,ok
wifi_adhoc,100,1,1776651075622267,1776651075674228,51.961,ok
wifi_adhoc,100,1,1776651075632292,1776651075685686,53.394,ok
wifi_adhoc,100,1,1776651075642286,1776651075707914,65.628,ok
wifi_adhoc,100,1,1776651075652290,1776651075708108,55.818,ok
wifi_adhoc,100,1,1776651075662313,1776651075717810,55.497,ok
wifi_adhoc,100,1,1776651075672289,1776651075728157,55.868,ok
wifi_adhoc,100,1,1776651075682297,1776651075738906,56.609,ok
wifi_adhoc,100,1,1776651075692294,1776651075749689,57.395,ok
wifi_adhoc,100,1,1776651075712282,1776651075763436,51.154,ok
wifi_adhoc,100,1,1776651075722280,1776651075773795,51.515,ok
wifi_adhoc,100,1,1776651075732278,1776651075782771,50.493,ok
wifi_adhoc,100,1,1776651075742309,1776651075793115,50.806,ok
wifi_adhoc,100,1,1776651075752281,1776651075828184,75.903,ok
wifi_adhoc,100,1,1776651075762291,1776651075828372,66.081,ok
wifi_adhoc,100,1,1776651075772277,1776651075828440,56.163,ok
wifi_adhoc,100,1,1776651075782291,1776651075843376,61.085,ok
wifi_adhoc,100,1,1776651075792293,1776651075847291,54.998,ok
wifi_adhoc,100,1,1776651075802291,1776651075858191,55.9,ok
wifi_adhoc,100,1,1776651075812290,1776651075870383,58.093,ok
wifi_adhoc,100,1,1776651075822278,1776651075881291,59.013,ok
wifi_adhoc,100,1,1776651075832378,1776651075908593,76.215,ok
wifi_adhoc,100,1,1776651075852402,1776651075908846,56.444,ok
wifi_adhoc,100,1,1776651075862296,1776651075914382,52.086,ok
wifi_adhoc,100,1,1776651075872309,1776651075948657,76.348,ok
wifi_adhoc,100,1,1776651075882330,1776651075949031,66.701,ok
wifi_adhoc,100,1,1776651075892289,1776651075949161,56.872,ok
wifi_adhoc,100,1,1776651075902348,1776651075957479,55.131,ok
wifi_adhoc,100,1,1776651075912440,1776651075967503,55.063,ok
wifi_adhoc,100,1,1776651075922313,1776651075978453,56.14,ok
wifi_adhoc,100,1,1776651075932286,1776651075988389,56.103,ok
wifi_adhoc,100,1,1776651075942312,1776651076014256,71.944,ok
wifi_adhoc,100,1,1776651075952281,1776651076014454,62.173,ok
wifi_adhoc,100,1,1776651075962393,1776651076020398,58.005,ok
wifi_adhoc,100,1,1776651075972347,1776651076030538,58.191,ok
wifi_adhoc,100,1,1776651075992301,1776651076044225,51.924,ok
wifi_adhoc,100,1,1776651076002322,1776651076052170,49.848,ok
wifi_adhoc,100,1,1776651076012291,1776651076063510,51.219,ok
wifi_adhoc,100,1,1776651076022300,1776651076083224,60.924,ok
wifi_adhoc,100,1,1776651076032307,1776651076084586,52.279,ok
wifi_adhoc,100,1,1776651076042334,1776651076095418,53.084,ok
wifi_adhoc,100,1,1776651076052399,1776651076120340,67.941,ok
wifi_adhoc,100,1,1776651076062282,1776651076120543,58.261,ok
wifi_adhoc,100,1,1776651076072280,1776651076128531,56.251,ok
wifi_adhoc,100,1,1776651076082292,1776651076140236,57.944,ok
wifi_adhoc,100,1,1776651076092311,1776651076150739,58.428,ok
wifi_adhoc,100,1,1776651076102291,1776651076162687,60.396,ok
wifi_adhoc,100,1,1776651076122325,1776651076172531,50.206,ok
wifi_adhoc,100,1,1776651076132283,1776651076183216,50.933,ok
wifi_adhoc,100,1,1776651076142302,1776651076194517,52.215,ok
wifi_adhoc,100,1,1776651076152298,1776651076215557,63.259,ok
wifi_adhoc,100,1,1776651076162524,1776651076215794,53.27,ok
wifi_adhoc,100,1,1776651076172345,1776651076226165,53.82,ok
wifi_adhoc,100,1,1776651076182297,1776651076237551,55.254,ok
wifi_adhoc,100,1,1776651076192283,1776651076249790,57.507,ok
wifi_adhoc,100,1,1776651076202292,1776651076259701,57.409,ok
wifi_adhoc,100,1,1776651076212295,1776651076270618,58.323,ok
wifi_adhoc,100,1,1776651076222289,1776651076286893,64.604,ok
wifi_adhoc,100,1,1776651076242303,1776651076294529,52.226,ok
wifi_adhoc,100,1,1776651076252289,1776651076303657,51.368,ok
wifi_adhoc,100,1,1776651076262516,1776651076317555,55.039,ok
wifi_adhoc,100,1,1776651076272284,1776651076325448,53.164,ok
wifi_adhoc,100,1,1776651076282316,1776651076335129,52.813,ok
wifi_adhoc,100,1,1776651076292288,1776651076348483,56.195,ok
wifi_adhoc,100,1,1776651076302290,1776651076357575,55.285,ok
wifi_adhoc,100,1,1776651076312290,1776651076369288,56.998,ok
wifi_adhoc,100,1,1776651076322298,1776651076378245,55.947,ok
wifi_adhoc,100,1,1776651076332290,1776651076389488,57.198,ok
wifi_adhoc,100,1,1776651076342308,1776651076402403,60.095,ok
wifi_adhoc,100,1,1776651076362351,1776651076429812,67.461,ok
wifi_adhoc,100,1,1776651076372295,1776651076430088,57.793,ok
wifi_adhoc,100,1,1776651076382386,1776651076433355,50.969,ok
wifi_adhoc,100,1,1776651076392309,1776651076445918,53.609,ok
wifi_adhoc,100,1,1776651076402302,1776651076470010,67.708,ok
wifi_adhoc,100,1,1776651076412280,1776651076470182,57.902,ok
wifi_adhoc,100,1,1776651076422278,1776651076477694,55.416,ok
wifi_adhoc,100,1,1776651076432305,1776651076494455,62.15,ok
wifi_adhoc,100,1,1776651076442319,1776651076498188,55.869,ok
wifi_adhoc,100,1,1776651076452305,1776651076508519,56.214,ok
wifi_adhoc,100,1,1776651076462289,1776651076535555,73.266,ok
wifi_adhoc,100,1,1776651076472274,1776651076535769,63.495,ok
wifi_adhoc,100,1,1776651076482327,1776651076541254,58.927,ok
wifi_adhoc,100,1,1776651076502325,1776651076551334,49.009,ok
wifi_adhoc,100,1,1776651076512284,1776651076562654,50.37,ok
wifi_adhoc,100,1,1776651076522315,1776651076572678,50.363,ok
wifi_adhoc,100,1,1776651076532308,1776651076583319,51.011,ok
wifi_adhoc,100,1,1776651076542293,1776651076593906,51.613,ok
wifi_adhoc,100,1,1776651076552321,1776651076604691,52.37,ok
wifi_adhoc,100,1,1776651076562562,1776651076616997,54.435,ok
wifi_adhoc,100,1,1776651076572277,1776651076627183,54.906,ok
wifi_adhoc,100,1,1776651076582280,1776651076637749,55.469,ok
wifi_adhoc,100,1,1776651076592313,1776651076649924,57.611,ok
wifi_adhoc,100,1,1776651076602318,1776651076659422,57.104,ok
wifi_adhoc,100,1,1776651076612284,1776651076669363,57.079,ok
wifi_adhoc,100,1,1776651076622275,1776651076682890,60.615,ok
wifi_adhoc,100,1,1776651076642278,1776651076690867,48.589,ok
wifi_adhoc,100,1,1776651076652472,1776651076702393,49.921,ok
wifi_adhoc,100,1,1776651076662293,1776651076712801,50.508,ok
wifi_adhoc,100,1,1776651076672293,1776651076730169,57.876,ok
wifi_adhoc,100,1,1776651076682316,1776651076734762,52.446,ok
wifi_adhoc,100,1,1776651076692310,1776651076744443,52.133,ok
wifi_adhoc,100,1,1776651076702283,1776651076755195,52.912,ok
wifi_adhoc,100,1,1776651076712292,1776651076766224,53.932,ok
wifi_adhoc,100,1,1776651076722278,1776651076776984,54.706,ok
wifi_adhoc,100,1,1776651076732299,1776651076788336,56.037,ok
wifi_adhoc,100,1,1776651076742281,1776651076799109,56.828,ok
wifi_adhoc,100,1,1776651076752284,1776651076809457,57.173,ok
wifi_adhoc,100,1,1776651076762296,1776651076822232,59.936,ok
wifi_adhoc,100,1,1776651076782293,1776651076832370,50.077,ok
wifi_adhoc,100,1,1776651076792286,1776651076842359,50.073,ok
wifi_adhoc,100,1,1776651076802291,1776651076852922,50.631,ok
wifi_adhoc,100,1,1776651076812287,1776651076864185,51.898,ok
wifi_adhoc,100,1,1776651076822536,1776651076874998,52.462,ok
wifi_adhoc,100,1,1776651076832298,1776651076885061,52.763,ok
wifi_adhoc,100,1,1776651076842286,1776651076900108,57.822,ok
wifi_adhoc,100,1,1776651076852277,1776651076906576,54.299,ok
wifi_adhoc,100,1,1776651076862302,1776651076917573,55.271,ok
wifi_adhoc,100,1,1776651076872283,1776651076935657,63.374,ok
wifi_adhoc,100,1,1776651076882294,1776651076938130,55.836,ok
wifi_adhoc,100,1,1776651076892280,1776651076950450,58.17,ok
wifi_adhoc,100,1,1776651076902283,1776651076960304,58.021,ok
wifi_adhoc,100,1,1776651076912313,1776651076971628,59.315,ok
wifi_adhoc,100,1,1776651076922313,1776651076984141,61.828,ok
wifi_adhoc,100,1,1776651076942287,1776651076993378,51.091,ok
wifi_adhoc,100,1,1776651076952345,1776651077003043,50.698,ok
wifi_adhoc,100,1,1776651076962327,1776651077014143,51.816,ok
wifi_adhoc,100,1,1776651076972287,1776651077026387,54.1,ok
wifi_adhoc,100,1,1776651076982291,1776651077036734,54.443,ok
wifi_adhoc,100,1,1776651076992312,1776651077046420,54.108,ok
wifi_adhoc,100,1,1776651077002279,1776651077057435,55.156,ok
wifi_adhoc,100,1,1776651077012284,1776651077068365,56.081,ok
wifi_adhoc,100,1,1776651077022297,1776651077080257,57.96,ok
wifi_adhoc,100,1,1776651077032280,1776651077090624,58.344,ok
wifi_adhoc,100,1,1776651077042307,1776651077105007,62.7,ok
wifi_adhoc,100,1,1776651077062295,1776651077112504,50.209,ok
wifi_adhoc,100,1,1776651077072287,1776651077122283,49.996,ok
wifi_adhoc,100,1,1776651077082285,1776651077138914,56.629,ok
wifi_adhoc,100,1,1776651077092310,1776651077143603,51.293,ok
wifi_adhoc,100,1,1776651077102277,1776651077155765,53.488,ok
wifi_adhoc,100,1,1776651077112319,1776651077164465,52.146,ok
wifi_adhoc,100,1,1776651077122561,1776651077175683,53.122,ok
wifi_adhoc,100,1,1776651077132370,1776651077187858,55.488,ok
wifi_adhoc,100,1,1776651077142296,1776651077197994,55.698,ok
wifi_adhoc,100,1,1776651077152296,1776651077208609,56.313,ok
wifi_adhoc,100,1,1776651077162295,1776651077219312,57.017,ok
wifi_adhoc,100,1,1776651077172294,1776651077240140,67.846,ok
wifi_adhoc,100,1,1776651077182386,1776651077240336,57.95,ok
wifi_adhoc,100,1,1776651077202296,1776651077252529,50.233,ok
wifi_adhoc,100,1,1776651077212427,1776651077264515,52.088,ok
wifi_adhoc,100,1,1776651077222316,1776651077273357,51.041,ok
wifi_adhoc,100,1,1776651077232283,1776651077284864,52.581,ok
wifi_adhoc,100,1,1776651077242313,1776651077297099,54.786,ok
wifi_adhoc,100,1,1776651077252750,1776651077310594,57.844,ok
wifi_adhoc,100,1,1776651077262286,1776651077349203,86.917,ok
wifi_adhoc,100,1,1776651077272297,1776651077349416,77.119,ok
wifi_adhoc,100,1,1776651077282283,1776651077349530,67.247,ok
wifi_adhoc,100,1,1776651077292301,1776651077349633,57.332,ok
wifi_adhoc,100,1,1776651077302296,1776651077359918,57.622,ok
wifi_adhoc,100,1,1776651077312716,1776651077370425,57.709,ok
wifi_adhoc,100,1,1776651077322293,1776651077381691,59.398,ok
wifi_adhoc,100,1,1776651077332298,1776651077399906,67.608,ok
wifi_adhoc,100,1,1776651077352326,1776651077415067,62.741,ok
wifi_adhoc,100,1,1776651077362294,1776651077415303,53.009,ok
wifi_adhoc,100,1,1776651077372327,1776651077430185,57.858,ok
wifi_adhoc,100,1,1776651077382506,1776651077448749,66.243,ok
wifi_adhoc,100,1,1776651077392362,1776651077448931,56.569,ok
wifi_adhoc,100,1,1776651077402308,1776651077457261,54.953,ok
wifi_adhoc,100,1,1776651077412952,1776651077469070,56.118,ok
wifi_adhoc,100,1,1776651077422285,1776651077479586,57.301,ok
wifi_adhoc,100,1,1776651077432397,1776651077491310,58.913,ok
wifi_adhoc,100,1,1776651077442312,1776651077501330,59.018,ok
wifi_adhoc,100,1,1776651077462338,1776651077514506,52.168,ok
wifi_adhoc,100,1,1776651077472293,1776651077522156,49.863,ok
wifi_adhoc,100,1,1776651077482286,1776651077532671,50.385,ok
wifi_adhoc,100,1,1776651077492280,1776651077548427,56.147,ok
wifi_adhoc,100,1,1776651077502292,1776651077554488,52.196,ok
wifi_adhoc,100,1,1776651077512329,1776651077566480,54.151,ok
wifi_adhoc,100,1,1776651077522360,1776651077578358,55.998,ok
wifi_adhoc,100,1,1776651077532283,1776651077590864,58.581,ok
wifi_adhoc,100,1,1776651077542334,1776651077600274,57.94,ok
wifi_adhoc,100,1,1776651077552315,1776651077611499,59.184,ok
wifi_adhoc,100,1,1776651077562461,1776651077619904,57.443,ok
wifi_adhoc,100,1,1776651077572333,1776651077631105,58.772,ok
wifi_adhoc,100,1,1776651077592273,1776651077649442,57.169,ok
wifi_adhoc,100,1,1776651077602310,1776651077652549,50.239,ok
wifi_adhoc,100,1,1776651077612301,1776651077663746,51.445,ok
wifi_adhoc,100,1,1776651077622342,1776651077675089,52.747,ok
wifi_adhoc,100,1,1776651077632285,1776651077684467,52.182,ok
wifi_adhoc,100,1,1776651077642284,1776651077696134,53.85,ok
wifi_adhoc,100,1,1776651077652284,1776651077705769,53.485,ok
wifi_adhoc,100,1,1776651077662380,1776651077719935,57.555,ok
wifi_adhoc,100,1,1776651077672294,1776651077728325,56.031,ok
wifi_adhoc,100,1,1776651077682337,1776651077738529,56.192,ok
wifi_adhoc,100,1,1776651077692280,1776651077751506,59.226,ok
wifi_adhoc,100,1,1776651077702283,1776651077759490,57.207,ok
wifi_adhoc,100,1,1776651077712289,1776651077770176,57.887,ok
wifi_adhoc,100,1,1776651077732292,1776651077782077,49.785,ok
wifi_adhoc,100,1,1776651077742288,1776651077794797,52.509,ok
wifi_adhoc,100,1,1776651077752294,1776651077826273,73.979,ok
wifi_adhoc,100,1,1776651077762313,1776651077829724,67.411,ok
wifi_adhoc,100,1,1776651077772287,1776651077830007,57.72,ok
wifi_adhoc,100,1,1776651077782333,1776651077835120,52.787,ok
wifi_adhoc,100,1,1776651077792329,1776651077845851,53.522,ok
wifi_adhoc,100,1,1776651077802276,1776651077857483,55.207,ok
wifi_adhoc,100,1,1776651077812280,1776651077868536,56.256,ok
wifi_adhoc,100,1,1776651077822283,1776651077879754,57.471,ok
wifi_adhoc,100,1,1776651077832283,1776651077889367,57.084,ok
wifi_adhoc,100,1,1776651077852311,1776651077918191,65.88,ok
wifi_adhoc,100,1,1776651077872312,1776651077925408,53.096,ok
wifi_adhoc,100,1,1776651077882300,1776651077934491,52.191,ok
wifi_adhoc,100,1,1776651077892274,1776651077959182,66.908,ok
wifi_adhoc,100,1,1776651077902313,1776651077960327,58.014,ok
wifi_adhoc,100,1,1776651077912295,1776651077966581,54.286,ok
wifi_adhoc,100,1,1776651077922278,1776651077976833,54.555,ok
wifi_adhoc,100,1,1776651077932336,1776651077992056,59.72,ok
wifi_adhoc,100,1,1776651077942307,1776651077999253,56.946,ok
wifi_adhoc,100,1,1776651077952310,1776651078010652,58.342,ok
wifi_adhoc,100,1,1776651077962275,1776651078026812,64.537,ok
wifi_adhoc,100,1,1776651077972295,1776651078033259,60.964,ok
wifi_adhoc,100,1,1776651077992270,1776651078043723,51.453,ok
wifi_adhoc,100,1,1776651078002309,1776651078059363,57.054,ok
wifi_adhoc,100,1,1776651078013167,1776651078064765,51.598,ok
wifi_adhoc,100,1,1776651078022335,1776651078075255,52.92,ok
wifi_adhoc,100,1,1776651078032290,1776651078086190,53.9,ok
wifi_adhoc,100,1,1776651078062326,1776651078119545,57.219,ok
wifi_adhoc,100,1,1776651078072310,1776651078130251,57.941,ok
wifi_adhoc,100,1,1776651078082312,1776651078140523,58.211,ok
wifi_adhoc,100,1,1776651078102309,1776651078161289,58.98,ok
wifi_adhoc,100,1,1776651078112310,1776651078163168,50.858,ok
wifi_adhoc,100,1,1776651078122314,1776651078173013,50.699,ok
wifi_adhoc,100,1,1776651078132290,1776651078183433,51.143,ok
wifi_adhoc,100,1,1776651078142291,1776651078194849,52.558,ok
wifi_adhoc,100,1,1776651078162281,1776651078219738,57.457,ok
wifi_adhoc,100,1,1776651078172297,1776651078232090,59.793,ok
wifi_adhoc,100,1,1776651078182291,1776651078240350,58.059,ok
wifi_adhoc,100,1,1776651078192292,1776651078250222,57.93,ok
wifi_adhoc,100,1,1776651078202459,1776651078264226,61.767,ok
wifi_adhoc,100,1,1776651078222279,1776651078271548,49.269,ok
wifi_adhoc,100,1,1776651078232390,1776651078282242,49.852,ok
wifi_adhoc,100,1,1776651078242286,1776651078299851,57.565,ok
wifi_adhoc,100,1,1776651078262417,1776651078316186,53.769,ok
wifi_adhoc,100,1,1776651078272482,1776651078325169,52.687,ok
wifi_adhoc,100,1,1776651078282495,1776651078335895,53.4,ok
wifi_adhoc,100,1,1776651078292284,1776651078347187,54.903,ok
wifi_adhoc,100,1,1776651078302276,1776651078357787,55.511,ok
wifi_adhoc,100,1,1776651078312392,1776651078368736,56.344,ok
wifi_adhoc,100,1,1776651078322315,1776651078380053,57.738,ok
wifi_adhoc,100,1,1776651078332294,1776651078392056,59.762,ok
wifi_adhoc,100,1,1776651078342281,1776651078401913,59.632,ok
wifi_adhoc,100,1,1776651078352309,1776651078412592,60.283,ok
wifi_adhoc,100,1,1776651078362424,1776651078422948,60.524,ok
wifi_adhoc,100,1,1776651078372320,1776651078436033,63.713,ok
wifi_adhoc,100,1,1776651078392440,1776651078445848,53.408,ok
wifi_adhoc,100,1,1776651078402272,1776651078455470,53.198,ok
wifi_adhoc,100,1,1776651078412318,1776651078472522,60.204,ok
wifi_adhoc,100,1,1776651078422281,1776651078477745,55.464,ok
wifi_adhoc,100,1,1776651078432285,1776651078488166,55.881,ok
wifi_adhoc,100,1,1776651078442288,1776651078502163,59.875,ok
wifi_adhoc,100,1,1776651078452276,1776651078511918,59.642,ok
wifi_adhoc,100,1,1776651078462287,1776651078521253,58.966,ok
wifi_adhoc,100,1,1776651078482282,1776651078540931,58.649,ok
wifi_adhoc,100,1,1776651078492284,1776651078542412,50.128,ok
wifi_adhoc,100,1,,,nan,dropped
wifi_adhoc,100,1,,,nan,dropped
wifi_adhoc,100,1,,,nan,dropped
wifi_adhoc,100,1,,,nan,dropped
wifi_adhoc,100,1,,,nan,dropped
wifi_adhoc,100,1,,,nan,dropped
wifi_adhoc,100,1,,,nan,dropped
wifi_adhoc,100,1,,,nan,dropped
wifi_adhoc,100,1,,,nan,dropped
wifi_adhoc,100,1,,,nan,dropped
wifi_adhoc,100,1,,,nan,dropped
wifi_adhoc,100,1,,,nan,dropped
wifi_adhoc,100,1,,,nan,dropped
wifi_adhoc,100,1,,,nan,dropped
wifi_adhoc,100,1,,,nan,dropped
wifi_adhoc,100,1,,,nan,dropped
wifi_adhoc,100,1,,,nan,dropped
wifi_adhoc,100,1,,,nan,dropped
wifi_adhoc,100,1,,,nan,dropped
wifi_adhoc,100,1,,,nan,dropped
wifi_adhoc,100,1,,,nan,dropped
wifi_adhoc,100,1,,,nan,dropped
wifi_adhoc,100,1,,,nan,dropped
wifi_adhoc,100,1,,,nan,dropped
wifi_adhoc,100,1,,,nan,dropped
wifi_adhoc,100,1,,,nan,dropped
wifi_adhoc,100,1,,,nan,dropped
wifi_adhoc,100,1,,,nan,dropped
wifi_adhoc,100,1,,,nan,dropped
wifi_adhoc,100,1,,,nan,dropped
wifi_adhoc,100,1,,,nan,dropped
wifi_adhoc,100,1,,,nan,dropped
wifi_adhoc,100,1,,,nan,dropped
wifi_adhoc,100,1,,,nan,dropped
wifi_adhoc,100,1,,,nan,dropped
wifi_adhoc,100,1,,,nan,dropped
wifi_adhoc,100,1,,,nan,dropped
wifi_adhoc,100,1,,,nan,dropped
wifi_adhoc,100,1,,,nan,dropped
wifi_adhoc,100,1,,,nan,dropped
wifi_adhoc,100,1,,,nan,dropped
wifi_adhoc,100,1,,,nan,dropped
wifi_adhoc,100,1,,,nan,dropped
wifi_adhoc,100,1,,,nan,dropped
wifi_adhoc,100,1,,,nan,dropped
wifi_adhoc,100,1,,,nan,dropped
wifi_adhoc,100,1,,,nan,dropped
wifi_adhoc,100,1,,,nan,dropped
wifi_adhoc,100,1,,,nan,dropped
wifi_adhoc,100,1,,,nan,dropped
wifi_adhoc,100,1,,,nan,dropped
wifi_adhoc,100,1,,,nan,dropped
wifi_adhoc,100,1,,,nan,dropped
wifi_adhoc,100,1,,,nan,dropped
wifi_adhoc,100,1,,,nan,dropped
wifi_adhoc,100,1,,,nan,dropped
wifi_adhoc,100,1,,,nan,dropped
wifi_adhoc,100,1,,,nan,dropped
wifi_adhoc,100,1,,,nan,dropped
wifi_adhoc,100,1,,,nan,dropped
wifi_adhoc,100,1,,,nan,dropped
wifi_adhoc,100,1,,,nan,dropped
wifi_adhoc,100,1,,,nan,dropped
wifi_adhoc,100,1,,,nan,dropped
wifi_adhoc,100,1,,,nan,dropped
wifi_adhoc,100,1,,,nan,dropped
wifi_adhoc,100,1,,,nan,dropped
wifi_adhoc,100,1,,,nan,dropped
wifi_adhoc,100,1,,,nan,dropped
wifi_adhoc,100,1,,,nan,dropped
wifi_adhoc,100,1,,,nan,dropped
wifi_adhoc,100,1,,,nan,dropped
wifi_adhoc,100,1,,,nan,dropped
wifi_adhoc,100,1,,,nan,dropped
wifi_adhoc,100,1,,,nan,dropped
wifi_adhoc,100,1,,,nan,dropped
wifi_adhoc,100,1,,,nan,dropped
wifi_adhoc,100,1,,,nan,dropped
wifi_adhoc,100,1,,,nan,dropped
wifi_adhoc,100,1,,,nan,dropped
wifi_adhoc,100,1,,,nan,dropped
wifi_adhoc,100,1,,,nan,dropped
wifi_adhoc,100,1,,,nan,dropped
wifi_adhoc,100,1,,,nan,dropped
wifi_adhoc,100,1,,,nan,dropped
wifi_adhoc,100,1,,,nan,dropped
wifi_adhoc,100,1,,,nan,dropped
wifi_adhoc,100,1,,,nan,dropped
wifi_adhoc,100,1,,,nan,dropped
wifi_adhoc,100,1,,,nan,dropped
wifi_adhoc,100,1,,,nan,dropped
wifi_adhoc,100,1,,,nan,dropped
wifi_adhoc,100,1,,,nan,dropped
wifi_adhoc,100,1,,,nan,dropped
wifi_adhoc,100,1,,,nan,dropped
wifi_adhoc,100,1,,,nan,dropped
wifi_adhoc,100,1,,,nan,dropped
wifi_adhoc,100,1,,,nan,dropped
wifi_adhoc,100,1,,,nan,dropped
wifi_adhoc,100,1,,,nan,dropped
wifi_adhoc,100,1,,,nan,dropped
wifi_adhoc,100,1,,,nan,dropped
wifi_adhoc,100,1,,,nan,dropped
wifi_adhoc,100,1,,,nan,dropped
